year,date,crew,site,reach,transect.num,habitat.type,habitat.length,dist.from.trans,direction.us.ds,river.side.L.R,bank.w pre sub.,bank.w,wetted.edge pre sub.,wetted.edge,wetted.w,distance pre sub.,distance m,depth,velocity,F,SG,LG,SC,LC,B,R,comments,,,,
2024,24-Sep-24,JC/JG,Deadman River,1,1,Glide,37.7,43.14,us,Right,17.4,17.4,1.21,1.01,6.74,1.21,1.01,0,0,999,999,999,999,999,999,999,Subtract 0.2m from distance measurments/Chinook redd in transect,,,Glide,us
2024,24-Sep-24,JC/JG,Deadman River,1,1,Glide,37.7,43.14,us,Right,17.4,17.4,1.21,1.01,6.74,2,1.8,0.28,0.38,10,30,30,20,10,0,0,,,,Pool,ds
2024,24-Sep-24,JC/JG,Deadman River,1,1,Glide,37.7,43.14,us,Right,17.4,17.4,1.21,1.01,6.74,3,2.8,0.36,0.42,15,25,25,20,15,0,0,,,,Riffle,
2024,24-Sep-24,JC/JG,Deadman River,1,1,Glide,37.7,43.14,us,Right,17.4,17.4,1.21,1.01,6.74,4,3.8,0.32,0.55,10,30,30,15,15,0,0,,,,,
2024,24-Sep-24,JC/JG,Deadman River,1,1,Glide,37.7,43.14,us,Right,17.4,17.4,1.21,1.01,6.74,5,4.8,0.26,0.46,10,30,30,15,15,0,0,,,,,
2024,24-Sep-24,JC/JG,Deadman River,1,1,Glide,37.7,43.14,us,Right,17.4,17.4,1.21,1.01,6.74,6,5.8,0.2,0.27,10,35,35,15,5,0,0,,,,,
2024,24-Sep-24,JC/JG,Deadman River,1,1,Glide,37.7,43.14,us,Right,17.4,17.4,1.21,1.01,6.74,7,6.8,0.1,0.002,10,35,35,20,0,0,0,,,,,
2024,24-Sep-24,JC/JG,Deadman River,1,1,Glide,37.7,43.14,us,Right,17.4,17.4,1.21,1.01,6.74,7.95,7.75,0,0,999,999,999,999,999,999,999,,,,,
2024,24-Sep-24,JC/JG,Deadman River,1,2,Riffle,53.9,30.68,us,Right,21.9,22.1,6.7,6.5,7.6,6.7,6.5,0,0,999,999,999,999,999,999,999,Subtract 0.2m from distance measurments ,,,,
2024,24-Sep-24,JC/JG,Deadman River,1,2,Riffle,53.9,30.68,us,Right,21.9,22.1,6.7,6.5,7.6,7,6.8,0.06,-0.0009,10,20,30,20,20,0,0,,,,,
2024,24-Sep-24,JC/JG,Deadman River,1,2,Riffle,53.9,30.68,us,Right,21.9,22.1,6.7,6.5,7.6,8,7.8,0.08,0.0008,10,20,30,30,10,0,0,,,,,
2024,24-Sep-24,JC/JG,Deadman River,1,2,Riffle,53.9,30.68,us,Right,21.9,22.1,6.7,6.5,7.6,9,8.8,0.2,0.51,5,30,30,30,5,0,0,,,,,
2024,24-Sep-24,JC/JG,Deadman River,1,2,Riffle,53.9,30.68,us,Right,21.9,22.1,6.7,6.5,7.6,10,9.8,0.28,0.63,5,30,30,30,5,0,0,,,,,
2024,24-Sep-24,JC/JG,Deadman River,1,2,Riffle,53.9,30.68,us,Right,21.9,22.1,6.7,6.5,7.6,11,10.8,0.26,0.73,0,35,30,30,5,0,0,,,,,
2024,24-Sep-24,JC/JG,Deadman River,1,2,Riffle,53.9,30.68,us,Right,21.9,22.1,6.7,6.5,7.6,12,11.8,0.22,0.65,0,35,30,30,5,0,0,,,,,
2024,24-Sep-24,JC/JG,Deadman River,1,2,Riffle,53.9,30.68,us,Right,21.9,22.1,6.7,6.5,7.6,13,12.8,0.16,0.38,0,35,30,30,5,0,0,,,,,
2024,24-Sep-24,JC/JG,Deadman River,1,2,Riffle,53.9,30.68,us,Right,21.9,22.1,6.7,6.5,7.6,14,13.8,0.05,0,5,30,30,30,5,0,0,,,,,
2024,24-Sep-24,JC/JG,Deadman River,1,2,Riffle,53.9,30.68,us,Right,21.9,22.1,6.7,6.5,7.6,14.3,14.1,0,0,999,999,999,999,999,999,999,,,,,
2024,24-Sep-24,JC/JG,Deadman River,1,3,Glide,29.91,32.59,us,Right,16.45,16.6,1.47,1.27,7.13,1.47,1.27,0,0,999,999,999,999,999,999,999,Subtract 0.2m from BF/distance measurments,,,,
2024,24-Sep-24,JC/JG,Deadman River,1,3,Glide,29.91,32.59,us,Right,16.45,16.6,1.47,1.27,7.13,2,1.8,0.6,0.01,100,0,0,0,0,0,0,,,,,
2024,24-Sep-24,JC/JG,Deadman River,1,3,Glide,29.91,32.59,us,Right,16.45,16.6,1.47,1.27,7.13,3,2.8,0.8,0.14,100,0,0,0,0,0,0,,,,,
2024,24-Sep-24,JC/JG,Deadman River,1,3,Glide,29.91,32.59,us,Right,16.45,16.6,1.47,1.27,7.13,4,3.8,0.7,0.42,70,10,10,10,0,0,0,,,,,
2024,24-Sep-24,JC/JG,Deadman River,1,3,Glide,29.91,32.59,us,Right,16.45,16.6,1.47,1.27,7.13,5,4.8,0.56,0.25,50,25,15,10,0,0,0,,,,,
2024,24-Sep-24,JC/JG,Deadman River,1,3,Glide,29.91,32.59,us,Right,16.45,16.6,1.47,1.27,7.13,6,5.8,0.36,0.25,70,10,10,10,0,0,0,,,,,
2024,24-Sep-24,JC/JG,Deadman River,1,3,Glide,29.91,32.59,us,Right,16.45,16.6,1.47,1.27,7.13,7,6.8,0.2,0.003,95,5,0,0,0,0,0,,,,,
2024,24-Sep-24,JC/JG,Deadman River,1,3,Glide,29.91,32.59,us,Right,16.45,16.6,1.47,1.27,7.13,8,7.8,0.06,-0.08,100,0,0,0,0,0,0,,,,,
2024,24-Sep-24,JC/JG,Deadman River,1,3,Glide,29.91,32.59,us,Right,16.45,16.6,1.47,1.27,7.13,8.6,8.4,0,0,999,999,999,999,999,999,999,,,,,
2024,24-Sep-24,JC/JG,Deadman River,1,4,Riffle,22.78,37.22,us,Right,26.6,26.6,10.01,9.81,10.44,10.01,9.81,0,0,999,999,999,999,999,999,999,Subtract 0.2m from BF/distance measurments,,,,
2024,24-Sep-24,JC/JG,Deadman River,1,4,Riffle,22.78,37.22,us,Right,26.6,26.6,10.01,9.81,10.44,11,10.8,0.06,0.59,0,10,50,30,10,0,0,,,,,
2024,24-Sep-24,JC/JG,Deadman River,1,4,Riffle,22.78,37.22,us,Right,26.6,26.6,10.01,9.81,10.44,12,11.8,0.16,0.36,0,10,50,30,10,0,0,,,,,
2024,24-Sep-24,JC/JG,Deadman River,1,4,Riffle,22.78,37.22,us,Right,26.6,26.6,10.01,9.81,10.44,13,12.8,0.16,0.65,0,10,50,30,10,0,0,,,,,
2024,24-Sep-24,JC/JG,Deadman River,1,4,Riffle,22.78,37.22,us,Right,26.6,26.6,10.01,9.81,10.44,14,13.8,0.16,0.78,0,10,50,30,10,0,0,,,,,
2024,24-Sep-24,JC/JG,Deadman River,1,4,Riffle,22.78,37.22,us,Right,26.6,26.6,10.01,9.81,10.44,15,14.8,0.14,0.41,0,10,50,30,10,0,0,,,,,
2024,24-Sep-24,JC/JG,Deadman River,1,4,Riffle,22.78,37.22,us,Right,26.6,26.6,10.01,9.81,10.44,16,15.8,0.18,0.69,0,10,50,30,10,0,0,,,,,
2024,24-Sep-24,JC/JG,Deadman River,1,4,Riffle,22.78,37.22,us,Right,26.6,26.6,10.01,9.81,10.44,17,16.8,0.22,0.75,0,10,50,35,5,0,0,,,,,
2024,24-Sep-24,JC/JG,Deadman River,1,4,Riffle,22.78,37.22,us,Right,26.6,26.6,10.01,9.81,10.44,18,17.8,0.22,0.42,0,10,50,35,5,0,0,,,,,
2024,24-Sep-24,JC/JG,Deadman River,1,4,Riffle,22.78,37.22,us,Right,26.6,26.6,10.01,9.81,10.44,19,18.8,0.16,0.13,0,10,50,35,5,0,0,,,,,
2024,24-Sep-24,JC/JG,Deadman River,1,4,Riffle,22.78,37.22,us,Right,26.6,26.6,10.01,9.81,10.44,20,19.8,0.06,0.04,0,10,50,35,5,0,0,,,,,
2024,24-Sep-24,JC/JG,Deadman River,1,4,Riffle,22.78,37.22,us,Right,26.6,26.6,10.01,9.81,10.44,20.45,20.25,0,0,999,999,999,999,999,999,999,,,,,
2024,24-Sep-24,JC/JG,Deadman River,1,5,Glide,27.34,43.78,us,Right,16.15,16.24,4.05,3.85,9.65,4.05,3.85,0,0,999,999,999,999,999,999,999,Subtract 0.2m from BF/distance measurments,,,,
2024,24-Sep-24,JC/JG,Deadman River,1,5,Glide,27.34,43.78,us,Right,16.15,16.24,4.05,3.85,9.65,5,4.8,0.04,0.02,20,25,35,20,0,0,0,,,,,
2024,24-Sep-24,JC/JG,Deadman River,1,5,Glide,27.34,43.78,us,Right,16.15,16.24,4.05,3.85,9.65,6,5.8,0.08,0.27,10,30,45,15,0,0,0,,,,,
2024,24-Sep-24,JC/JG,Deadman River,1,5,Glide,27.34,43.78,us,Right,16.15,16.24,4.05,3.85,9.65,7,6.8,0.06,0.35,0,30,45,25,0,0,0,,,,,
2024,24-Sep-24,JC/JG,Deadman River,1,5,Glide,27.34,43.78,us,Right,16.15,16.24,4.05,3.85,9.65,8,7.8,0.04,-0.006,15,30,30,25,0,0,0,,,,,
2024,24-Sep-24,JC/JG,Deadman River,1,5,Glide,27.34,43.78,us,Right,16.15,16.24,4.05,3.85,9.65,9,8.8,0.08,0.09,40,20,25,15,0,0,0,,,,,
2024,24-Sep-24,JC/JG,Deadman River,1,5,Glide,27.34,43.78,us,Right,16.15,16.24,4.05,3.85,9.65,10,9.8,0.24,0.23,40,20,25,15,0,0,0,,,,,
2024,24-Sep-24,JC/JG,Deadman River,1,5,Glide,27.34,43.78,us,Right,16.15,16.24,4.05,3.85,9.65,11,10.8,0.52,0.61,0,10,30,30,30,0,0,,,,,
2024,24-Sep-24,JC/JG,Deadman River,1,5,Glide,27.34,43.78,us,Right,16.15,16.24,4.05,3.85,9.65,12,11.8,0.5,0.23,0,10,20,10,10,50,0,,,,,
2024,24-Sep-24,JC/JG,Deadman River,1,5,Glide,27.34,43.78,us,Right,16.15,16.24,4.05,3.85,9.65,13,12.8,0.42,-0.02,0,0,10,10,10,70,0,,,,,
2024,24-Sep-24,JC/JG,Deadman River,1,5,Glide,27.34,43.78,us,Right,16.15,16.24,4.05,3.85,9.65,13.7,13.5,0,0,999,999,999,999,999,999,999,,,,,
2024,24-Sep-24,JC/JG,Deadman River,1,6,Riffle,100.45,40.52,us,Right,23.5,23.65,7.66,7.46,12.84,7.66,7.46,0,0,999,999,999,999,999,999,999,"Subtract 0.2m from BF/distance measurments, same habitat unit as transect 7",,,,
2024,24-Sep-24,JC/JG,Deadman River,1,6,Riffle,100.45,40.52,us,Right,23.5,23.65,7.66,7.46,12.84,8,7.8,0.18,-0.04,60,0,20,20,0,0,0,,,,,
2024,24-Sep-24,JC/JG,Deadman River,1,6,Riffle,100.45,40.52,us,Right,23.5,23.65,7.66,7.46,12.84,9,8.8,0.38,0.09,60,0,20,20,0,0,0,,,,,
2024,24-Sep-24,JC/JG,Deadman River,1,6,Riffle,100.45,40.52,us,Right,23.5,23.65,7.66,7.46,12.84,10,9.8,0.24,0.91,10,40,40,10,0,0,0,,,,,
2024,24-Sep-24,JC/JG,Deadman River,1,6,Riffle,100.45,40.52,us,Right,23.5,23.65,7.66,7.46,12.84,11,10.8,0.28,0.78,0,20,50,30,0,0,0,,,,,
2024,24-Sep-24,JC/JG,Deadman River,1,6,Riffle,100.45,40.52,us,Right,23.5,23.65,7.66,7.46,12.84,12,11.8,0.2,1.05,0,20,50,30,0,0,0,,,,,
2024,24-Sep-24,JC/JG,Deadman River,1,6,Riffle,100.45,40.52,us,Right,23.5,23.65,7.66,7.46,12.84,13,12.8,0.18,0.65,0,20,50,30,0,0,0,,,,,
2024,24-Sep-24,JC/JG,Deadman River,1,6,Riffle,100.45,40.52,us,Right,23.5,23.65,7.66,7.46,12.84,14,13.8,0.16,0.71,0,20,50,30,0,0,0,,,,,
2024,24-Sep-24,JC/JG,Deadman River,1,6,Riffle,100.45,40.52,us,Right,23.5,23.65,7.66,7.46,12.84,15,14.8,0.12,0.74,0,20,50,30,0,0,0,,,,,
2024,24-Sep-24,JC/JG,Deadman River,1,6,Riffle,100.45,40.52,us,Right,23.5,23.65,7.66,7.46,12.84,16,15.8,0.1,0.5,0,20,50,30,0,0,0,,,,,
2024,24-Sep-24,JC/JG,Deadman River,1,6,Riffle,100.45,40.52,us,Right,23.5,23.65,7.66,7.46,12.84,17,16.8,0.12,0.3,0,20,50,30,0,0,0,,,,,
2024,24-Sep-24,JC/JG,Deadman River,1,6,Riffle,100.45,40.52,us,Right,23.5,23.65,7.66,7.46,12.84,18,17.8,0.16,0.44,0,20,50,30,0,0,0,,,,,
2024,24-Sep-24,JC/JG,Deadman River,1,6,Riffle,100.45,40.52,us,Right,23.5,23.65,7.66,7.46,12.84,19,18.8,0.18,0.26,0,20,50,30,0,0,0,,,,,
2024,24-Sep-24,JC/JG,Deadman River,1,6,Riffle,100.45,40.52,us,Right,23.5,23.65,7.66,7.46,12.84,20,19.8,0.08,-0.008,0,20,50,30,0,0,0,,,,,
2024,24-Sep-24,JC/JG,Deadman River,1,6,Riffle,100.45,40.52,us,Right,23.5,23.65,7.66,7.46,12.84,20.5,20.3,0,0,999,999,999,999,999,999,999,,,,,
2024,24-Sep-24,JC/JG,Deadman River,1,7,Riffle,100.45,46.73,us,Right,30.69,30.95,2.3,2.1,14.1,,2.1,0,0,999,999,999,999,999,999,999,,,,,
2024,24-Sep-24,JC/JG,Deadman River,1,7,Riffle,100.45,46.73,us,Right,30.69,30.95,2.3,2.1,14.1,3,2.8,0.02,0,10,10,40,40,0,0,0,"sub 20cm from BF/distance, same habitat unit as T6, gravel bar between 7 and 17.7",,,,
2024,24-Sep-24,JC/JG,Deadman River,1,7,Riffle,100.45,46.73,us,Right,30.69,30.95,2.3,2.1,14.1,4,3.8,0.07,0.099,5,10,45,35,5,0,0,,,,,
2024,24-Sep-24,JC/JG,Deadman River,1,7,Riffle,100.45,46.73,us,Right,30.69,30.95,2.3,2.1,14.1,5,4.8,0.06,0.0006,0,10,35,50,5,0,0,,,,,
2024,24-Sep-24,JC/JG,Deadman River,1,7,Riffle,100.45,46.73,us,Right,30.69,30.95,2.3,2.1,14.1,6,5.8,0.05,0.074,0,10,20,70,0,0,0,,,,,
2024,24-Sep-24,JC/JG,Deadman River,1,7,Riffle,100.45,46.73,us,Right,30.69,30.95,2.3,2.1,14.1,7,6.8,0,0,999,999,999,999,999,999,999,,,,,
2024,24-Sep-24,JC/JG,Deadman River,1,7,Riffle,100.45,46.73,us,Right,30.69,30.95,2.3,2.1,14.1,17.7,17.5,0,0,999,999,999,999,999,999,999,,,,,
2024,24-Sep-24,JC/JG,Deadman River,1,7,Riffle,100.45,46.73,us,Right,30.69,30.95,2.3,2.1,14.1,18,17.8,0.01,0,0,10,40,40,10,0,0,,,,,
2024,24-Sep-24,JC/JG,Deadman River,1,7,Riffle,100.45,46.73,us,Right,30.69,30.95,2.3,2.1,14.1,19,18.8,0.1,0.65,0,20,40,40,0,0,0,,,,,
2024,24-Sep-24,JC/JG,Deadman River,1,7,Riffle,100.45,46.73,us,Right,30.69,30.95,2.3,2.1,14.1,20,19.8,0.14,0.175,0,20,40,40,0,0,0,,,,,
2024,24-Sep-24,JC/JG,Deadman River,1,7,Riffle,100.45,46.73,us,Right,30.69,30.95,2.3,2.1,14.1,21,20.8,0.09,0.82,0,20,40,40,0,0,0,,,,,
2024,24-Sep-24,JC/JG,Deadman River,1,7,Riffle,100.45,46.73,us,Right,30.69,30.95,2.3,2.1,14.1,22,21.8,0.06,0.0031,0,20,70,10,0,0,0,,,,,
2024,24-Sep-24,JC/JG,Deadman River,1,7,Riffle,100.45,46.73,us,Right,30.69,30.95,2.3,2.1,14.1,23,22.8,0.1,0.28,5,60,35,0,0,0,0,,,,,
2024,24-Sep-24,JC/JG,Deadman River,1,7,Riffle,100.45,46.73,us,Right,30.69,30.95,2.3,2.1,14.1,24,23.8,0.2,0.05,90,10,0,0,0,0,0,,,,,
2024,24-Sep-24,JC/JG,Deadman River,1,7,Riffle,100.45,46.73,us,Right,30.69,30.95,2.3,2.1,14.1,25,24.8,0.32,0.58,0,20,40,40,0,0,0,,,,,
2024,24-Sep-24,JC/JG,Deadman River,1,7,Riffle,100.45,46.73,us,Right,30.69,30.95,2.3,2.1,14.1,26,25.8,0.48,0.57,5,10,60,25,0,0,0,,,,,
2024,24-Sep-24,JC/JG,Deadman River,1,7,Riffle,100.45,46.73,us,Right,30.69,30.95,2.3,2.1,14.1,27,26.8,0.1,0.0014,0,5,45,45,5,0,0,,,,,
2024,24-Sep-24,JC/JG,Deadman River,1,7,Riffle,100.45,46.73,us,Right,30.69,30.95,2.3,2.1,14.1,27.1,26.9,0,0,999,999,999,999,999,999,999,,,,,
2024,24-Sep-24,JC/JG,Deadman River,1,8,Glide,79.07,30.56,us,Right,42.07,42.4,3.1,2.9,21.25,,2.9,0,0,999,999,999,999,999,999,999,,,,,
2024,24-Sep-24,JC/JG,Deadman River,1,8,Glide,79.07,30.56,us,Right,42.07,42.4,3.1,2.9,21.25,4,3.8,0.35,0.075,80,0,20,0,0,0,0,sub 0.2m BF/distance(same habitat unit as transect 9),,,,
2024,24-Sep-24,JC/JG,Deadman River,1,8,Glide,79.07,30.56,us,Right,42.07,42.4,3.1,2.9,21.25,5,4.8,0.36,0.13,100,0,0,0,0,0,0,gravel bar between 12.75 and 28.3,,,,
2024,24-Sep-24,JC/JG,Deadman River,1,8,Glide,79.07,30.56,us,Right,42.07,42.4,3.1,2.9,21.25,6,5.8,0.38,0.16,100,0,0,0,0,0,0,,,,,
2024,24-Sep-24,JC/JG,Deadman River,1,8,Glide,79.07,30.56,us,Right,42.07,42.4,3.1,2.9,21.25,7,6.8,0.44,0.18,100,0,0,0,0,0,0,,,,,
2024,24-Sep-24,JC/JG,Deadman River,1,8,Glide,79.07,30.56,us,Right,42.07,42.4,3.1,2.9,21.25,8,7.8,0.54,0.21,90,0,10,0,0,0,0,,,,,
2024,24-Sep-24,JC/JG,Deadman River,1,8,Glide,79.07,30.56,us,Right,42.07,42.4,3.1,2.9,21.25,9,8.8,0.62,0.2,90,0,10,0,0,0,0,,,,,
2024,24-Sep-24,JC/JG,Deadman River,1,8,Glide,79.07,30.56,us,Right,42.07,42.4,3.1,2.9,21.25,10,9.8,0.6,0.2,90,0,10,0,0,0,0,,,,,
2024,24-Sep-24,JC/JG,Deadman River,1,8,Glide,79.07,30.56,us,Right,42.07,42.4,3.1,2.9,21.25,11,10.8,0.5,0.16,90,0,10,0,0,0,0,,,,,
2024,24-Sep-24,JC/JG,Deadman River,1,8,Glide,79.07,30.56,us,Right,42.07,42.4,3.1,2.9,21.25,12,11.8,0.32,0.07,80,0,20,0,0,0,0,,,,,
2024,24-Sep-24,JC/JG,Deadman River,1,8,Glide,79.07,30.56,us,Right,42.07,42.4,3.1,2.9,21.25,12.75,12.55,0,0,999,999,999,999,999,999,999,,,,,
2024,24-Sep-24,JC/JG,Deadman River,1,8,Glide,79.07,30.56,us,Right,42.07,42.4,3.1,2.9,21.25,28.3,28.1,0,0,999,999,999,999,999,999,999,,,,,
2024,24-Sep-24,JC/JG,Deadman River,1,8,Glide,79.07,30.56,us,Right,42.07,42.4,3.1,2.9,21.25,29,28.8,0.02,0,5,20,75,0,0,0,0,,,,,
2024,24-Sep-24,JC/JG,Deadman River,1,8,Glide,79.07,30.56,us,Right,42.07,42.4,3.1,2.9,21.25,30,29.8,0.06,0.28,5,90,5,0,0,0,0,,,,,
2024,24-Sep-24,JC/JG,Deadman River,1,8,Glide,79.07,30.56,us,Right,42.07,42.4,3.1,2.9,21.25,31,30.8,0.04,0.076,5,90,5,0,0,0,0,,,,,
2024,24-Sep-24,JC/JG,Deadman River,1,8,Glide,79.07,30.56,us,Right,42.07,42.4,3.1,2.9,21.25,32,31.8,0.01,0,5,90,5,0,0,0,0,,,,,
2024,24-Sep-24,JC/JG,Deadman River,1,8,Glide,79.07,30.56,us,Right,42.07,42.4,3.1,2.9,21.25,33,32.8,0.02,0,5,90,5,0,0,0,0,,,,,
2024,24-Sep-24,JC/JG,Deadman River,1,8,Glide,79.07,30.56,us,Right,42.07,42.4,3.1,2.9,21.25,34,33.8,0.02,0,5,90,5,0,0,0,0,,,,,
2024,24-Sep-24,JC/JG,Deadman River,1,8,Glide,79.07,30.56,us,Right,42.07,42.4,3.1,2.9,21.25,35,34.8,0.02,0,65,35,0,0,0,0,0,,,,,
2024,24-Sep-24,JC/JG,Deadman River,1,8,Glide,79.07,30.56,us,Right,42.07,42.4,3.1,2.9,21.25,36,35.8,0.01,0,30,70,0,0,0,0,0,,,,,
2024,24-Sep-24,JC/JG,Deadman River,1,8,Glide,79.07,30.56,us,Right,42.07,42.4,3.1,2.9,21.25,37,36.8,0.01,0,30,70,0,0,0,0,0,,,,,
2024,24-Sep-24,JC/JG,Deadman River,1,8,Glide,79.07,30.56,us,Right,42.07,42.4,3.1,2.9,21.25,38,37.8,0.01,0,40,60,0,0,0,0,0,,,,,
2024,24-Sep-24,JC/JG,Deadman River,1,8,Glide,79.07,30.56,us,Right,42.07,42.4,3.1,2.9,21.25,39,38.8,0.04,0.0005,95,5,0,0,0,0,0,,,,,
2024,24-Sep-24,JC/JG,Deadman River,1,8,Glide,79.07,30.56,us,Right,42.07,42.4,3.1,2.9,21.25,39.9,39.7,0,0,999,999,999,999,999,999,999,,,,,
2024,24-Sep-24,JC/JG,Deadman River,1,9,Glide,79.07,30.56,us,Right,27.3,26.4,0.45,0.25,11.83,1,0.25,0,0,999,999,999,999,999,999,999,,,,,
2024,24-Sep-24,JC/JG,Deadman River,1,9,Glide,79.07,30.56,us,Right,27.3,26.4,0.45,0.25,11.83,1,0.8,0.24,0.13,0,0,30,60,10,0,0,"sub .2m from BF/distance, same habitat unit as T8, gravel bar between 7.18 and 21.1",,,,
2024,24-Sep-24,JC/JG,Deadman River,1,9,Glide,79.07,30.56,us,Right,27.3,26.4,0.45,0.25,11.83,2,1.8,0.66,0.19,0,0,30,60,10,0,0,,,,,
2024,24-Sep-24,JC/JG,Deadman River,1,9,Glide,79.07,30.56,us,Right,27.3,26.4,0.45,0.25,11.83,3,2.8,0.78,0.23,5,5,15,15,60,0,0,,,,,
2024,24-Sep-24,JC/JG,Deadman River,1,9,Glide,79.07,30.56,us,Right,27.3,26.4,0.45,0.25,11.83,4,3.8,0.6,0.24,40,40,10,10,0,0,0,,,,,
2024,24-Sep-24,JC/JG,Deadman River,1,9,Glide,79.07,30.56,us,Right,27.3,26.4,0.45,0.25,11.83,5,4.8,0.53,0.14,70,10,20,0,0,0,0,,,,,
2024,24-Sep-24,JC/JG,Deadman River,1,9,Glide,79.07,30.56,us,Right,27.3,26.4,0.45,0.25,11.83,6,5.8,0.46,0.12,60,10,30,0,0,0,0,,,,,
2024,24-Sep-24,JC/JG,Deadman River,1,9,Glide,79.07,30.56,us,Right,27.3,26.4,0.45,0.25,11.83,7,6.8,0.08,-0.0002,40,50,10,0,0,0,0,,,,,
2024,24-Sep-24,JC/JG,Deadman River,1,9,Glide,79.07,30.56,us,Right,27.3,26.4,0.45,0.25,11.83,7.18,6.98,0,0,999,999,999,999,999,999,999,,,,,
2024,24-Sep-24,JC/JG,Deadman River,1,9,Glide,79.07,30.56,us,Right,27.3,26.4,0.45,0.25,11.83,21.1,20.9,0,0,999,999,999,999,999,999,999,,,,,
2024,24-Sep-24,JC/JG,Deadman River,1,9,Glide,79.07,30.56,us,Right,27.3,26.4,0.45,0.25,11.83,22,21.8,0.08,0.0064,100,0,0,0,0,0,0,,,,,
2024,24-Sep-24,JC/JG,Deadman River,1,9,Glide,79.07,30.56,us,Right,27.3,26.4,0.45,0.25,11.83,23,22.8,0.16,0.047,95,5,0,0,0,0,0,,,,,
2024,24-Sep-24,JC/JG,Deadman River,1,9,Glide,79.07,30.56,us,Right,27.3,26.4,0.45,0.25,11.83,24,23.8,0.2,0.058,95,5,0,0,0,0,0,,,,,
2024,24-Sep-24,JC/JG,Deadman River,1,9,Glide,79.07,30.56,us,Right,27.3,26.4,0.45,0.25,11.83,25,24.8,0.18,-0.0048,95,5,0,0,0,0,0,,,,,
2024,24-Sep-24,JC/JG,Deadman River,1,9,Glide,79.07,30.56,us,Right,27.3,26.4,0.45,0.25,11.83,26,25.8,0.11,0.13,95,5,0,0,0,0,0,,,,,
2024,24-Sep-24,JC/JG,Deadman River,1,9,Glide,79.07,30.56,us,Right,27.3,26.4,0.45,0.25,11.83,26.2,26,0,0,999,999,999,999,999,999,999,,,,,
2024,24-Sep-24,JC/JG,Deadman River,1,10,Riffle,53.17,22.98,us,Right,41.03,41.16,12.4,12.2,24.46,,12.2,0,0,999,999,999,999,999,999,999,,,,,
2024,24-Sep-24,JC/JG,Deadman River,1,10,Riffle,53.17,22.98,us,Right,41.03,41.16,12.4,12.2,24.46,13,12.8,0.04,0.15,0,0,20,20,60,0,0,"sub .2m from BF/distance, same habitat unit as T11",,,,
2024,24-Sep-24,JC/JG,Deadman River,1,10,Riffle,53.17,22.98,us,Right,41.03,41.16,12.4,12.2,24.46,14,13.8,0.1,0.41,0,0,20,20,60,0,0,,,,,
2024,24-Sep-24,JC/JG,Deadman River,1,10,Riffle,53.17,22.98,us,Right,41.03,41.16,12.4,12.2,24.46,15,14.8,0.22,0.6,0,0,20,60,20,0,0,,,,,
2024,24-Sep-24,JC/JG,Deadman River,1,10,Riffle,53.17,22.98,us,Right,41.03,41.16,12.4,12.2,24.46,16,15.8,0.17,0.54,0,0,20,60,20,0,0,,,,,
2024,24-Sep-24,JC/JG,Deadman River,1,10,Riffle,53.17,22.98,us,Right,41.03,41.16,12.4,12.2,24.46,17,16.8,0.12,0.017,0,0,20,60,20,0,0,,,,,
2024,24-Sep-24,JC/JG,Deadman River,1,10,Riffle,53.17,22.98,us,Right,41.03,41.16,12.4,12.2,24.46,18,17.8,0.06,0.69,0,0,20,60,20,0,0,,,,,
2024,24-Sep-24,JC/JG,Deadman River,1,10,Riffle,53.17,22.98,us,Right,41.03,41.16,12.4,12.2,24.46,19,18.8,0.1,0.16,0,10,10,60,20,0,0,,,,,
2024,24-Sep-24,JC/JG,Deadman River,1,10,Riffle,53.17,22.98,us,Right,41.03,41.16,12.4,12.2,24.46,20,19.8,0.08,0.15,0,10,10,60,20,0,0,,,,,
2024,24-Sep-24,JC/JG,Deadman River,1,10,Riffle,53.17,22.98,us,Right,41.03,41.16,12.4,12.2,24.46,21,20.8,0.1,0.53,0,10,20,50,20,0,0,,,,,
2024,24-Sep-24,JC/JG,Deadman River,1,10,Riffle,53.17,22.98,us,Right,41.03,41.16,12.4,12.2,24.46,22,21.8,0.1,0.43,0,20,20,40,20,0,0,,,,,
2024,24-Sep-24,JC/JG,Deadman River,1,10,Riffle,53.17,22.98,us,Right,41.03,41.16,12.4,12.2,24.46,23,22.8,0.12,0.22,0,20,20,40,20,0,0,,,,,
2024,24-Sep-24,JC/JG,Deadman River,1,10,Riffle,53.17,22.98,us,Right,41.03,41.16,12.4,12.2,24.46,24,23.8,0.1,0.18,0,40,40,20,0,0,0,,,,,
2024,24-Sep-24,JC/JG,Deadman River,1,10,Riffle,53.17,22.98,us,Right,41.03,41.16,12.4,12.2,24.46,25,24.8,0.1,0.43,0,40,40,20,0,0,0,,,,,
2024,24-Sep-24,JC/JG,Deadman River,1,10,Riffle,53.17,22.98,us,Right,41.03,41.16,12.4,12.2,24.46,26,25.8,0.14,0.33,0,35,40,20,5,0,0,,,,,
2024,24-Sep-24,JC/JG,Deadman River,1,10,Riffle,53.17,22.98,us,Right,41.03,41.16,12.4,12.2,24.46,27,26.8,0.12,0.032,5,50,45,0,0,0,0,,,,,
2024,24-Sep-24,JC/JG,Deadman River,1,10,Riffle,53.17,22.98,us,Right,41.03,41.16,12.4,12.2,24.46,28,27.8,0.18,0.42,5,30,65,0,0,0,0,,,,,
2024,24-Sep-24,JC/JG,Deadman River,1,10,Riffle,53.17,22.98,us,Right,41.03,41.16,12.4,12.2,24.46,29,28.8,0.14,0.41,5,30,65,0,0,0,0,,,,,
2024,24-Sep-24,JC/JG,Deadman River,1,10,Riffle,53.17,22.98,us,Right,41.03,41.16,12.4,12.2,24.46,30,29.8,0.12,0.31,5,30,65,0,0,0,0,,,,,
2024,24-Sep-24,JC/JG,Deadman River,1,10,Riffle,53.17,22.98,us,Right,41.03,41.16,12.4,12.2,24.46,31,30.8,0.1,0.2,10,50,40,0,0,0,0,,,,,
2024,24-Sep-24,JC/JG,Deadman River,1,10,Riffle,53.17,22.98,us,Right,41.03,41.16,12.4,12.2,24.46,32,31.8,0.06,0.14,20,50,30,0,0,0,0,,,,,
2024,24-Sep-24,JC/JG,Deadman River,1,10,Riffle,53.17,22.98,us,Right,41.03,41.16,12.4,12.2,24.46,33,32.8,0.02,0,20,50,30,0,0,0,0,,,,,
2024,24-Sep-24,JC/JG,Deadman River,1,10,Riffle,53.17,22.98,us,Right,41.03,41.16,12.4,12.2,24.46,34,33.8,0.01,0,30,60,5,5,0,0,0,,,,,
2024,24-Sep-24,JC/JG,Deadman River,1,10,Riffle,53.17,22.98,us,Right,41.03,41.16,12.4,12.2,24.46,35,34.8,0.02,0,65,15,20,0,0,0,0,,,,,
2024,24-Sep-24,JC/JG,Deadman River,1,10,Riffle,53.17,22.98,us,Right,41.03,41.16,12.4,12.2,24.46,36,35.8,0.01,0,65,15,20,0,0,0,0,,,,,
2024,24-Sep-24,JC/JG,Deadman River,1,10,Riffle,53.17,22.98,us,Right,41.03,41.16,12.4,12.2,24.46,36.86,36.66,0,0,999,999,999,999,999,999,999,,,,,
2024,24-Sep-24,JC/JG,Deadman River,1,11,Riffle,53.17,40.1,us,Right,32.15,32.15,2.35,2.15,17.96,,2.15,0,0,999,999,999,999,999,999,999,,,,,
2024,24-Sep-24,JC/JG,Deadman River,1,11,Riffle,53.17,40.1,us,Right,32.15,32.15,2.35,2.15,17.96,3,2.8,0.06,0.22,0,20,20,30,30,0,0,"sub .2m from BF/distance, same habitat unit as T10, island between 6.1 and 7.3",,,,
2024,24-Sep-24,JC/JG,Deadman River,1,11,Riffle,53.17,40.1,us,Right,32.15,32.15,2.35,2.15,17.96,4,3.8,0.08,0.022,0,20,20,30,30,0,0,,,,,
2024,24-Sep-24,JC/JG,Deadman River,1,11,Riffle,53.17,40.1,us,Right,32.15,32.15,2.35,2.15,17.96,5,4.8,0.02,0,0,20,20,30,30,0,0,,,,,
2024,24-Sep-24,JC/JG,Deadman River,1,11,Riffle,53.17,40.1,us,Right,32.15,32.15,2.35,2.15,17.96,6,5.8,0.02,0,0,20,20,30,30,0,0,,,,,
2024,24-Sep-24,JC/JG,Deadman River,1,11,Riffle,53.17,40.1,us,Right,32.15,32.15,2.35,2.15,17.96,6.1,5.9,0,0,999,999,999,999,999,999,999,,,,,
2024,24-Sep-24,JC/JG,Deadman River,1,11,Riffle,53.17,40.1,us,Right,32.15,32.15,2.35,2.15,17.96,7.3,7.1,0,0,999,999,999,999,999,999,999,,,,,
2024,24-Sep-24,JC/JG,Deadman River,1,11,Riffle,53.17,40.1,us,Right,32.15,32.15,2.35,2.15,17.96,8,7.8,0.06,0.027,40,5,5,20,30,0,0,,,,,
2024,24-Sep-24,JC/JG,Deadman River,1,11,Riffle,53.17,40.1,us,Right,32.15,32.15,2.35,2.15,17.96,9,8.8,0.02,0.005,5,5,40,10,25,15,0,,,,,
2024,24-Sep-24,JC/JG,Deadman River,1,11,Riffle,53.17,40.1,us,Right,32.15,32.15,2.35,2.15,17.96,10,9.8,0.15,0.062,5,5,40,10,25,15,0,,,,,
2024,24-Sep-24,JC/JG,Deadman River,1,11,Riffle,53.17,40.1,us,Right,32.15,32.15,2.35,2.15,17.96,11,10.8,0.22,0.19,10,35,35,20,0,0,0,,,,,
2024,24-Sep-24,JC/JG,Deadman River,1,11,Riffle,53.17,40.1,us,Right,32.15,32.15,2.35,2.15,17.96,12,11.8,0.24,0.29,0,35,25,20,20,0,0,,,,,
2024,24-Sep-24,JC/JG,Deadman River,1,11,Riffle,53.17,40.1,us,Right,32.15,32.15,2.35,2.15,17.96,13,12.8,0.31,0.24,0,35,25,20,20,0,0,,,,,
2024,24-Sep-24,JC/JG,Deadman River,1,11,Riffle,53.17,40.1,us,Right,32.15,32.15,2.35,2.15,17.96,14,13.8,0.29,0.33,0,20,60,20,0,0,0,,,,,
2024,24-Sep-24,JC/JG,Deadman River,1,11,Riffle,53.17,40.1,us,Right,32.15,32.15,2.35,2.15,17.96,15,14.8,0.26,0.4,0,10,90,0,0,0,0,,,,,
2024,24-Sep-24,JC/JG,Deadman River,1,11,Riffle,53.17,40.1,us,Right,32.15,32.15,2.35,2.15,17.96,16,15.8,0.28,0.43,0,10,90,0,0,0,0,,,,,
2024,24-Sep-24,JC/JG,Deadman River,1,11,Riffle,53.17,40.1,us,Right,32.15,32.15,2.35,2.15,17.96,17,16.8,0.2,0.38,5,10,85,0,0,0,0,,,,,
2024,24-Sep-24,JC/JG,Deadman River,1,11,Riffle,53.17,40.1,us,Right,32.15,32.15,2.35,2.15,17.96,18,17.8,0.18,0.21,15,10,75,0,0,0,0,,,,,
2024,24-Sep-24,JC/JG,Deadman River,1,11,Riffle,53.17,40.1,us,Right,32.15,32.15,2.35,2.15,17.96,19,18.8,0.12,0.21,5,10,85,0,0,0,0,,,,,
2024,24-Sep-24,JC/JG,Deadman River,1,11,Riffle,53.17,40.1,us,Right,32.15,32.15,2.35,2.15,17.96,20,19.8,0.1,0.15,15,10,75,0,0,0,0,,,,,
2024,24-Sep-24,JC/JG,Deadman River,1,11,Riffle,53.17,40.1,us,Right,32.15,32.15,2.35,2.15,17.96,21,20.8,0.02,0,40,10,50,0,0,0,0,,,,,
2024,24-Sep-24,JC/JG,Deadman River,1,11,Riffle,53.17,40.1,us,Right,32.15,32.15,2.35,2.15,17.96,21.51,21.31,0,0,999,999,999,999,999,999,999,,,,,
2024,24-Sep-24,JC/JG,Deadman River,1,12,Glide,56.28,40.1,ds,Right,27.7,27.7,1.6,1.4,10.2,,1.4,0,0,999,999,999,999,999,999,999,,,,,
2024,24-Sep-24,JC/JG,Deadman River,1,12,Glide,56.28,40.1,ds,Right,27.7,27.7,1.6,1.4,10.2,2,1.8,0.16,-0.0233,0,0,0,40,40,20,0,sub .2m from BF/distance,,,,
2024,24-Sep-24,JC/JG,Deadman River,1,12,Glide,56.28,40.1,ds,Right,27.7,27.7,1.6,1.4,10.2,3,2.8,0.51,0.22,0,0,10,40,40,10,0,,,,,
2024,24-Sep-24,JC/JG,Deadman River,1,12,Glide,56.28,40.1,ds,Right,27.7,27.7,1.6,1.4,10.2,4,3.8,0.5,0.37,0,0,10,30,60,0,0,,,,,
2024,24-Sep-24,JC/JG,Deadman River,1,12,Glide,56.28,40.1,ds,Right,27.7,27.7,1.6,1.4,10.2,5,4.8,0.51,0.18,0,0,10,10,40,40,0,,,,,
2024,24-Sep-24,JC/JG,Deadman River,1,12,Glide,56.28,40.1,ds,Right,27.7,27.7,1.6,1.4,10.2,6,5.8,0.42,0.25,0,0,10,70,10,10,0,,,,,
2024,24-Sep-24,JC/JG,Deadman River,1,12,Glide,56.28,40.1,ds,Right,27.7,27.7,1.6,1.4,10.2,7,6.8,0.34,0.24,20,20,60,0,0,0,0,,,,,
2024,24-Sep-24,JC/JG,Deadman River,1,12,Glide,56.28,40.1,ds,Right,27.7,27.7,1.6,1.4,10.2,8,7.8,0.24,0.13,80,10,10,0,0,0,0,,,,,
2024,24-Sep-24,JC/JG,Deadman River,1,12,Glide,56.28,40.1,ds,Right,27.7,27.7,1.6,1.4,10.2,9,8.8,0.14,0.05,90,5,5,0,0,0,0,,,,,
2024,24-Sep-24,JC/JG,Deadman River,1,12,Glide,56.28,40.1,ds,Right,27.7,27.7,1.6,1.4,10.2,10,9.8,0.04,0.009,90,5,5,0,0,0,0,,,,,
2024,24-Sep-24,JC/JG,Deadman River,1,12,Glide,56.28,40.1,ds,Right,27.7,27.7,1.6,1.4,10.2,11,10.8,0.04,0.018,95,0,5,0,0,0,0,,,,,
2024,24-Sep-24,JC/JG,Deadman River,1,12,Glide,56.28,40.1,ds,Right,27.7,27.7,1.6,1.4,10.2,11.8,11.6,0,0,999,999,999,999,999,999,999,,,,,
2024,25-Sep-24,JC/JG,Deadman River,2,1,Glide,25.74,25.43,us,Right,29.6,29.95,15.25,15.05,5.65,15.25,15.05,0,0,999,999,999,999,999,999,999,subtract .2m from BF/distance at all transects,,,,
2024,25-Sep-24,JC/JG,Deadman River,2,1,Glide,25.74,25.43,us,Right,29.6,29.95,15.25,15.05,5.65,16,15.8,0.18,0.38,10,70,20,0,0,0,0,,,,,
2024,25-Sep-24,JC/JG,Deadman River,2,1,Glide,25.74,25.43,us,Right,29.6,29.95,15.25,15.05,5.65,17,16.8,0.37,0.63,0,50,50,0,0,0,0,,,,,
2024,25-Sep-24,JC/JG,Deadman River,2,1,Glide,25.74,25.43,us,Right,29.6,29.95,15.25,15.05,5.65,18,17.8,0.38,0.051,0,50,50,0,0,0,0,,,,,
2024,25-Sep-24,JC/JG,Deadman River,2,1,Glide,25.74,25.43,us,Right,29.6,29.95,15.25,15.05,5.65,19,18.8,0.39,0.21,0,50,50,0,0,0,0,,,,,
2024,25-Sep-24,JC/JG,Deadman River,2,1,Glide,25.74,25.43,us,Right,29.6,29.95,15.25,15.05,5.65,20,19.8,0.21,0.49,0,50,50,0,0,0,0,,,,,
2024,25-Sep-24,JC/JG,Deadman River,2,1,Glide,25.74,25.43,us,Right,29.6,29.95,15.25,15.05,5.65,20.9,20.7,0,0,999,999,999,999,999,999,999,,,,,
2024,01-Oct-24,JM/JG,Deadman River,2,2,Pool,23.61,19.6,us,Right,37.5,39.75,0.02,0.02,14.45,0.02,0.02,0,0,999,999,999,999,999,999,999,,,,,
2024,01-Oct-24,JM/JG,Deadman River,2,2,Pool,23.61,19.6,us,Right,37.5,39.75,0.02,0.02,14.45,0.02,1,0.42,-0.01,100,0,0,0,0,0,0,,,,,
2024,01-Oct-24,JM/JG,Deadman River,2,2,Pool,23.61,19.6,us,Right,37.5,39.75,0.02,0.02,14.45,0.02,2,0.56,0.01,100,0,0,0,0,0,0,,,,,
2024,01-Oct-24,JM/JG,Deadman River,2,2,Pool,23.61,19.6,us,Right,37.5,39.75,0.02,0.02,14.45,0.02,3,0.42,-0.13,100,0,0,0,0,0,0,,,,,
2024,01-Oct-24,JM/JG,Deadman River,2,2,Pool,23.61,19.6,us,Right,37.5,39.75,0.02,0.02,14.45,0.02,4,0.5,-0.05,100,0,0,0,0,0,0,,,,,
2024,01-Oct-24,JM/JG,Deadman River,2,2,Pool,23.61,19.6,us,Right,37.5,39.75,0.02,0.02,14.45,0.02,5,0.74,-0.09,100,0,0,0,0,0,0,,,,,
2024,01-Oct-24,JM/JG,Deadman River,2,2,Pool,23.61,19.6,us,Right,37.5,39.75,0.02,0.02,14.45,0.02,6,1.19,-0.051,100,0,0,0,0,0,0,,,,,
2024,01-Oct-24,JM/JG,Deadman River,2,2,Pool,23.61,19.6,us,Right,37.5,39.75,0.02,0.02,14.45,0.02,7,1.6,0.061,100,0,0,0,0,0,0,,,,,
2024,01-Oct-24,JM/JG,Deadman River,2,2,Pool,23.61,19.6,us,Right,37.5,39.75,0.02,0.02,14.45,0.02,8,1.87,0.086,100,0,0,0,0,0,0,,,,,
2024,01-Oct-24,JM/JG,Deadman River,2,2,Pool,23.61,19.6,us,Right,37.5,39.75,0.02,0.02,14.45,0.02,9,1.71,0.075,100,0,0,0,0,0,0,,,,,
2024,01-Oct-24,JM/JG,Deadman River,2,2,Pool,23.61,19.6,us,Right,37.5,39.75,0.02,0.02,14.45,0.02,10,1.46,0.15,100,0,0,0,0,0,0,,,,,
2024,01-Oct-24,JM/JG,Deadman River,2,2,Pool,23.61,19.6,us,Right,37.5,39.75,0.02,0.02,14.45,0.02,11,1.31,0.21,100,0,0,0,0,0,0,,,,,
2024,01-Oct-24,JM/JG,Deadman River,2,2,Pool,23.61,19.6,us,Right,37.5,39.75,0.02,0.02,14.45,0.02,12,1.13,0.15,100,0,0,0,0,0,0,,,,,
2024,01-Oct-24,JM/JG,Deadman River,2,2,Pool,23.61,19.6,us,Right,37.5,39.75,0.02,0.02,14.45,0.02,13,0.62,0.14,100,0,0,0,0,0,0,,,,,
2024,01-Oct-24,JM/JG,Deadman River,2,2,Pool,23.61,19.6,us,Right,37.5,39.75,0.02,0.02,14.45,0.02,14,0.14,0.18,100,0,0,0,0,0,0,,,,,
2024,01-Oct-24,JM/JG,Deadman River,2,2,Pool,23.61,19.6,us,Right,37.5,39.75,0.02,0.02,14.45,0.02,14.65,0,0,999,999,999,999,999,999,999,,,,,
2024,25-Sep-24,JA/JG,Deadman River,2,3,Glide,22.16,18.38,us,Right,19.5,19.85,1.4,1.4,6.35,1.4,1.4,0,0,999,999,999,999,999,999,999,,,,,
2024,25-Sep-24,JA/JG,Deadman River,2,3,Glide,22.16,18.38,us,Right,19.5,19.85,1.4,1.4,6.35,2,2,0.3,0.46,100,0,0,0,0,0,0,,,,,
2024,25-Sep-24,JA/JG,Deadman River,2,3,Glide,22.16,18.38,us,Right,19.5,19.85,1.4,1.4,6.35,3,3,0.28,0.53,100,0,0,0,0,0,0,,,,,
2024,25-Sep-24,JA/JG,Deadman River,2,3,Glide,22.16,18.38,us,Right,19.5,19.85,1.4,1.4,6.35,4,4,0.35,0.28,100,0,0,0,0,0,0,,,,,
2024,25-Sep-24,JA/JG,Deadman River,2,3,Glide,22.16,18.38,us,Right,19.5,19.85,1.4,1.4,6.35,5,5,0.3,0.35,100,0,0,0,0,0,0,,,,,
2024,25-Sep-24,JA/JG,Deadman River,2,3,Glide,22.16,18.38,us,Right,19.5,19.85,1.4,1.4,6.35,6,6,0.35,0.32,50,25,25,0,0,0,0,,,,,
2024,25-Sep-24,JA/JG,Deadman River,2,3,Glide,22.16,18.38,us,Right,19.5,19.85,1.4,1.4,6.35,7,7,0.14,0.3,20,40,40,0,0,0,0,,,,,
2024,25-Sep-24,JA/JG,Deadman River,2,3,Glide,22.16,18.38,us,Right,19.5,19.85,1.4,1.4,6.35,7.65,7.65,0,0,999,999,999,999,999,999,999,,,,,
2024,25-Sep-24,JA/JG,Deadman River,2,4,Riffle,62.93,27.38,us,Right,28,28.45,2.1,2.1,17.75,2.1,2.1,0,0,999,999,999,999,999,999,999,Same habitat unit as transect 5,,,,
2024,25-Sep-24,JA/JG,Deadman River,2,4,Riffle,62.93,27.38,us,Right,28,28.45,2.1,2.1,17.75,3,3,0.2,-0.03,100,0,0,0,0,0,0,,,,,
2024,25-Sep-24,JA/JG,Deadman River,2,4,Riffle,62.93,27.38,us,Right,28,28.45,2.1,2.1,17.75,4,4,0.23,-0.0051,100,0,0,0,0,0,0,,,,,
2024,25-Sep-24,JA/JG,Deadman River,2,4,Riffle,62.93,27.38,us,Right,28,28.45,2.1,2.1,17.75,5,5,0.24,0.0046,100,0,0,0,0,0,0,,,,,
2024,25-Sep-24,JA/JG,Deadman River,2,4,Riffle,62.93,27.38,us,Right,28,28.45,2.1,2.1,17.75,6,6,0.04,0.0038,50,25,25,0,0,0,0,,,,,
2024,25-Sep-24,JA/JG,Deadman River,2,4,Riffle,62.93,27.38,us,Right,28,28.45,2.1,2.1,17.75,7,7,0.08,-0.39,10,45,45,0,0,0,0,,,,,
2024,25-Sep-24,JA/JG,Deadman River,2,4,Riffle,62.93,27.38,us,Right,28,28.45,2.1,2.1,17.75,8,8,0.33,-0.34,10,45,45,0,0,0,0,,,,,
2024,25-Sep-24,JA/JG,Deadman River,2,4,Riffle,62.93,27.38,us,Right,28,28.45,2.1,2.1,17.75,9,9,0.58,-0.31,50,25,25,0,0,0,0,,,,,
2024,25-Sep-24,JA/JG,Deadman River,2,4,Riffle,62.93,27.38,us,Right,28,28.45,2.1,2.1,17.75,10,10,0.72,0.21,80,10,10,0,0,0,0,,,,,
2024,25-Sep-24,JA/JG,Deadman River,2,4,Riffle,62.93,27.38,us,Right,28,28.45,2.1,2.1,17.75,11,11,0.88,-0.013,80,10,10,0,0,0,0,,,,,
2024,25-Sep-24,JA/JG,Deadman River,2,4,Riffle,62.93,27.38,us,Right,28,28.45,2.1,2.1,17.75,12,12,0.94,0.056,80,10,10,0,0,0,0,,,,,
2024,25-Sep-24,JA/JG,Deadman River,2,4,Riffle,62.93,27.38,us,Right,28,28.45,2.1,2.1,17.75,13,13,0.86,0.22,80,10,10,0,0,0,0,,,,,
2024,25-Sep-24,JA/JG,Deadman River,2,4,Riffle,62.93,27.38,us,Right,28,28.45,2.1,2.1,17.75,14,14,0.84,0.4,50,50,0,0,0,0,0,,,,,
2024,25-Sep-24,JA/JG,Deadman River,2,4,Riffle,62.93,27.38,us,Right,28,28.45,2.1,2.1,17.75,15,15,0.76,0.45,50,50,0,0,0,0,0,,,,,
2024,25-Sep-24,JA/JG,Deadman River,2,4,Riffle,62.93,27.38,us,Right,28,28.45,2.1,2.1,17.75,16,16,0.58,0.21,100,0,0,0,0,0,0,,,,,
2024,25-Sep-24,JA/JG,Deadman River,2,4,Riffle,62.93,27.38,us,Right,28,28.45,2.1,2.1,17.75,17,17,0.34,-0.07,100,0,0,0,0,0,0,,,,,
2024,25-Sep-24,JA/JG,Deadman River,2,4,Riffle,62.93,27.38,us,Right,28,28.45,2.1,2.1,17.75,18,18,0.17,-0.11,100,0,0,0,0,0,0,,,,,
2024,25-Sep-24,JA/JG,Deadman River,2,4,Riffle,62.93,27.38,us,Right,28,28.45,2.1,2.1,17.75,19,19,0.06,0.006,100,0,0,0,0,0,0,,,,,
2024,25-Sep-24,JA/JG,Deadman River,2,4,Riffle,62.93,27.38,us,Right,28,28.45,2.1,2.1,17.75,19.85,19.85,0,0,999,999,999,999,999,999,999,,,,,
2024,25-Sep-24,JA/JG,Deadman River,2,5,Riffle,62.93,46.17,us,Right,20.4,20.75,12.6,12.6,6,12.6,12.6,0,0,999,999,999,999,999,999,999,Same hbaitat unit as transect 4 (chinook redds observed),,,,
2024,25-Sep-24,JA/JG,Deadman River,2,5,Riffle,62.93,46.17,us,Right,20.4,20.75,12.6,12.6,6,13,13,0.01,0,30,35,35,0,0,0,0,,,,,
2024,25-Sep-24,JA/JG,Deadman River,2,5,Riffle,62.93,46.17,us,Right,20.4,20.75,12.6,12.6,6,14,14,0.05,0.11,30,35,35,0,0,0,0,,,,,
2024,25-Sep-24,JA/JG,Deadman River,2,5,Riffle,62.93,46.17,us,Right,20.4,20.75,12.6,12.6,6,15,15,0.28,0.33,30,50,20,0,0,0,0,,,,,
2024,25-Sep-24,JA/JG,Deadman River,2,5,Riffle,62.93,46.17,us,Right,20.4,20.75,12.6,12.6,6,16,16,0.31,0.59,0,70,30,0,0,0,0,,,,,
2024,25-Sep-24,JA/JG,Deadman River,2,5,Riffle,62.93,46.17,us,Right,20.4,20.75,12.6,12.6,6,17,17,0.44,0.47,0,70,30,0,0,0,0,,,,,
2024,25-Sep-24,JA/JG,Deadman River,2,5,Riffle,62.93,46.17,us,Right,20.4,20.75,12.6,12.6,6,18,18,0.28,0.11,50,30,20,0,0,0,0,,,,,
2024,25-Sep-24,JA/JG,Deadman River,2,5,Riffle,62.93,46.17,us,Right,20.4,20.75,12.6,12.6,6,18.6,18.6,0,0,999,999,999,999,999,999,999,,,,,
2024,25-Sep-24,JA/JG,Deadman River,2,6,Glide,154.41,25.68,us,Right,18.72,19.05,0,0,12.1,0,0,0,0,999,999,999,999,999,999,999,Chinook redds observed/same habitat unit as. (Undercut bank at wetted edge),,,,
2024,25-Sep-24,JA/JG,Deadman River,2,6,Glide,154.41,25.68,us,Right,18.72,19.05,0,0,12.1,1,1,0.35,0.1,50,50,0,0,0,0,0,,,,,
2024,25-Sep-24,JA/JG,Deadman River,2,6,Glide,154.41,25.68,us,Right,18.72,19.05,0,0,12.1,2,2,0.54,0.2,80,10,10,0,0,0,0,,,,,
2024,25-Sep-24,JA/JG,Deadman River,2,6,Glide,154.41,25.68,us,Right,18.72,19.05,0,0,12.1,3,3,0.56,0.25,80,10,10,0,0,0,0,,,,,
2024,25-Sep-24,JA/JG,Deadman River,2,6,Glide,154.41,25.68,us,Right,18.72,19.05,0,0,12.1,4,4,0.52,0.24,80,10,10,0,0,0,0,,,,,
2024,25-Sep-24,JA/JG,Deadman River,2,6,Glide,154.41,25.68,us,Right,18.72,19.05,0,0,12.1,5,5,0.44,0.22,80,10,10,0,0,0,0,,,,,
2024,25-Sep-24,JA/JG,Deadman River,2,6,Glide,154.41,25.68,us,Right,18.72,19.05,0,0,12.1,6,6,0.36,0.23,80,10,10,0,0,0,0,,,,,
2024,25-Sep-24,JA/JG,Deadman River,2,6,Glide,154.41,25.68,us,Right,18.72,19.05,0,0,12.1,7,7,0.21,0.2,70,15,15,0,0,0,0,,,,,
2024,25-Sep-24,JA/JG,Deadman River,2,6,Glide,154.41,25.68,us,Right,18.72,19.05,0,0,12.1,8,8,0.15,0.15,80,10,10,0,0,0,0,,,,,
2024,25-Sep-24,JA/JG,Deadman River,2,6,Glide,154.41,25.68,us,Right,18.72,19.05,0,0,12.1,9,9,0.1,0.12,90,5,5,0,0,0,0,,,,,
2024,25-Sep-24,JA/JG,Deadman River,2,6,Glide,154.41,25.68,us,Right,18.72,19.05,0,0,12.1,10,10,0.08,0.066,100,0,0,0,0,0,0,,,,,
2024,25-Sep-24,JA/JG,Deadman River,2,6,Glide,154.41,25.68,us,Right,18.72,19.05,0,0,12.1,11,11,0.08,0.035,100,0,0,0,0,0,0,,,,,
2024,25-Sep-24,JA/JG,Deadman River,2,6,Glide,154.41,25.68,us,Right,18.72,19.05,0,0,12.1,12,12,0.03,0,100,0,0,0,0,0,0,,,,,
2024,25-Sep-24,JA/JG,Deadman River,2,6,Glide,154.41,25.68,us,Right,18.72,19.05,0,0,12.1,12.1,12.1,0,0,999,999,999,999,999,999,999,,,,,
2024,25-Sep-24,JA/JG,Deadman River,2,7,Glide,154.41,42.04,us,Right,21.37,21.86,1.3,1.3,15.9,1.3,1.3,0,0,999,999,999,999,999,999,999,"Same habitat unit as 6,8,9",,,,
2024,25-Sep-24,JA/JG,Deadman River,2,7,Glide,154.41,42.04,us,Right,21.37,21.86,1.3,1.3,15.9,2,2,0.86,-0.031,100,0,0,0,0,0,0,,,,,
2024,25-Sep-24,JA/JG,Deadman River,2,7,Glide,154.41,42.04,us,Right,21.37,21.86,1.3,1.3,15.9,3,3,0.93,0.21,50,50,0,0,0,0,0,,,,,
2024,25-Sep-24,JA/JG,Deadman River,2,7,Glide,154.41,42.04,us,Right,21.37,21.86,1.3,1.3,15.9,4,4,0.83,0.24,50,50,0,0,0,0,0,,,,,
2024,25-Sep-24,JA/JG,Deadman River,2,7,Glide,154.41,42.04,us,Right,21.37,21.86,1.3,1.3,15.9,5,5,0.54,0.24,50,0,50,0,0,0,0,,,,,
2024,25-Sep-24,JA/JG,Deadman River,2,7,Glide,154.41,42.04,us,Right,21.37,21.86,1.3,1.3,15.9,6,6,0.34,0.28,50,0,50,0,0,0,0,,,,,
2024,25-Sep-24,JA/JG,Deadman River,2,7,Glide,154.41,42.04,us,Right,21.37,21.86,1.3,1.3,15.9,7,7,0.22,0.26,50,0,50,0,0,0,0,,,,,
2024,25-Sep-24,JA/JG,Deadman River,2,7,Glide,154.41,42.04,us,Right,21.37,21.86,1.3,1.3,15.9,8,8,0.09,0.16,50,0,50,0,0,0,0,,,,,
2024,25-Sep-24,JA/JG,Deadman River,2,7,Glide,154.41,42.04,us,Right,21.37,21.86,1.3,1.3,15.9,8.75,8.75,0,0,999,999,999,999,999,999,999,,,,,
2024,25-Sep-24,JA/JG,Deadman River,2,7,Glide,154.41,42.04,us,Right,21.37,21.86,1.3,1.3,15.9,9.75,9.75,0,0,999,999,999,999,999,999,999,,,,,
2024,25-Sep-24,JA/JG,Deadman River,2,7,Glide,154.41,42.04,us,Right,21.37,21.86,1.3,1.3,15.9,10,10,0.1,-0.11,50,25,25,0,0,0,0,,,,,
2024,25-Sep-24,JA/JG,Deadman River,2,7,Glide,154.41,42.04,us,Right,21.37,21.86,1.3,1.3,15.9,11,11,0.3,-0.0045,100,0,0,0,0,0,0,,,,,
2024,25-Sep-24,JA/JG,Deadman River,2,7,Glide,154.41,42.04,us,Right,21.37,21.86,1.3,1.3,15.9,12,12,0.3,0.29,100,0,0,0,0,0,0,,,,,
2024,25-Sep-24,JA/JG,Deadman River,2,7,Glide,154.41,42.04,us,Right,21.37,21.86,1.3,1.3,15.9,13,13,0.19,0.0097,100,0,0,0,0,0,0,,,,,
2024,25-Sep-24,JA/JG,Deadman River,2,7,Glide,154.41,42.04,us,Right,21.37,21.86,1.3,1.3,15.9,14,14,0.16,-0.017,100,0,0,0,0,0,0,,,,,
2024,25-Sep-24,JA/JG,Deadman River,2,7,Glide,154.41,42.04,us,Right,21.37,21.86,1.3,1.3,15.9,14.8,14.8,0,0,999,999,999,999,999,999,999,,,,,
2024,25-Sep-24,JA/JG,Deadman River,2,7,Glide,154.41,42.04,us,Right,21.37,21.86,1.3,1.3,15.9,16.3,16.3,0,0,999,999,999,999,999,999,999,,,,,
2024,25-Sep-24,JA/JG,Deadman River,2,7,Glide,154.41,42.04,us,Right,21.37,21.86,1.3,1.3,15.9,17,17,0.12,-0.13,50,25,25,0,0,0,0,,,,,
2024,25-Sep-24,JA/JG,Deadman River,2,7,Glide,154.41,42.04,us,Right,21.37,21.86,1.3,1.3,15.9,18,18,0.18,0.22,50,25,25,0,0,0,0,,,,,
2024,25-Sep-24,JA/JG,Deadman River,2,7,Glide,154.41,42.04,us,Right,21.37,21.86,1.3,1.3,15.9,19,19,0.3,-0.037,50,25,25,0,0,0,0,,,,,
2024,25-Sep-24,JA/JG,Deadman River,2,7,Glide,154.41,42.04,us,Right,21.37,21.86,1.3,1.3,15.9,19.7,19.7,0,0,999,999,999,999,999,999,999,,,,,
2024,25-Sep-24,JA/JG,Deadman River,2,8,Glide,154.41,36.52,us,Right,21.55,21.55,9.1,9.1,10.7,9.1,9.1,0,0,999,999,999,999,999,999,999,"Same habitat unit as 6,7,9",,,,
2024,25-Sep-24,JA/JG,Deadman River,2,8,Glide,154.41,36.52,us,Right,21.55,21.55,9.1,9.1,10.7,10,10,0.15,0.14,60,20,20,0,0,0,0,,,,,
2024,25-Sep-24,JA/JG,Deadman River,2,8,Glide,154.41,36.52,us,Right,21.55,21.55,9.1,9.1,10.7,11,11,0.28,0.18,60,20,20,0,0,0,0,,,,,
2024,25-Sep-24,JA/JG,Deadman River,2,8,Glide,154.41,36.52,us,Right,21.55,21.55,9.1,9.1,10.7,12,12,0.5,0.23,60,20,20,0,0,0,0,,,,,
2024,25-Sep-24,JA/JG,Deadman River,2,8,Glide,154.41,36.52,us,Right,21.55,21.55,9.1,9.1,10.7,13,13,0.58,0.26,50,10,10,30,0,0,0,,,,,
2024,25-Sep-24,JA/JG,Deadman River,2,8,Glide,154.41,36.52,us,Right,21.55,21.55,9.1,9.1,10.7,14,14,0.62,0.26,50,10,10,30,0,0,0,,,,,
2024,25-Sep-24,JA/JG,Deadman River,2,8,Glide,154.41,36.52,us,Right,21.55,21.55,9.1,9.1,10.7,15,15,0.58,0.15,100,0,0,0,0,0,0,,,,,
2024,25-Sep-24,JA/JG,Deadman River,2,8,Glide,154.41,36.52,us,Right,21.55,21.55,9.1,9.1,10.7,16,16,0.3,-0.012,100,0,0,0,0,0,0,,,,,
2024,25-Sep-24,JA/JG,Deadman River,2,8,Glide,154.41,36.52,us,Right,21.55,21.55,9.1,9.1,10.7,17,17,0.46,0.1,100,0,0,0,0,0,0,,,,,
2024,25-Sep-24,JA/JG,Deadman River,2,8,Glide,154.41,36.52,us,Right,21.55,21.55,9.1,9.1,10.7,18,18,0.53,0.11,100,0,0,0,0,0,0,,,,,
2024,25-Sep-24,JA/JG,Deadman River,2,8,Glide,154.41,36.52,us,Right,21.55,21.55,9.1,9.1,10.7,19,19,0.26,-0.003,100,0,0,0,0,0,0,,,,,
2024,25-Sep-24,JA/JG,Deadman River,2,8,Glide,154.41,50.97,us,Right,21.55,21.55,9.1,9.1,10.7,19.8,19.8,0,0,999,999,999,999,999,999,999,,,,,
2024,25-Sep-24,JA/JG,Deadman River,2,9,Glide,154.41,50.97,us,Right,23.6,24.09,13.25,13.25,6.85,13.25,13.25,0,0,999,999,999,999,999,999,999,"Same habitat unit as 6,7,8",,,,
2024,25-Sep-24,JA/JG,Deadman River,2,9,Glide,154.41,50.97,us,Right,23.6,24.09,13.25,13.25,6.85,14,14,0.08,0.013,20,40,40,0,0,0,0,,,,,
2024,25-Sep-24,JA/JG,Deadman River,2,9,Glide,154.41,50.97,us,Right,23.6,24.09,13.25,13.25,6.85,15,15,0.19,0.28,15,25,60,0,0,0,0,,,,,
2024,25-Sep-24,JA/JG,Deadman River,2,9,Glide,154.41,50.97,us,Right,23.6,24.09,13.25,13.25,6.85,16,16,0.32,0.38,30,35,35,0,0,0,0,,,,,
2024,25-Sep-24,JA/JG,Deadman River,2,9,Glide,154.41,50.97,us,Right,23.6,24.09,13.25,13.25,6.85,17,17,0.56,0.25,30,60,10,0,0,0,0,,,,,
2024,25-Sep-24,JA/JG,Deadman River,2,9,Glide,154.41,50.97,us,Right,23.6,24.09,13.25,13.25,6.85,18,18,0.84,0.22,45,45,10,0,0,0,0,,,,,
2024,25-Sep-24,JA/JG,Deadman River,2,9,Glide,154.41,50.97,us,Right,23.6,24.09,13.25,13.25,6.85,19,19,0.72,0.17,20,60,20,0,0,0,0,,,,,
2024,25-Sep-24,JA/JG,Deadman River,2,9,Glide,154.41,50.97,us,Right,23.6,24.09,13.25,13.25,6.85,20,20,0.08,-0.011,20,60,20,0,0,0,0,,,,,
2024,25-Sep-24,JA/JG,Deadman River,2,9,Glide,154.41,50.97,us,Right,23.6,24.09,13.25,13.25,6.85,20.1,20.1,0,0,999,999,999,999,999,999,999,,,,,
2024,25-Sep-24,JA/JG,Deadman River,2,10,Riffle,32.29,32.71,us,Right,14.22,14.6,8.05,8.05,6.05,2,2,0,0,999,999,999,999,999,999,999,,,,,
2024,25-Sep-24,JA/JG,Deadman River,2,10,Riffle,32.29,32.71,us,Right,14.22,14.6,8.05,8.05,6.05,3,3,0.56,0.3,60,30,10,0,0,0,0,,,,,
2024,25-Sep-24,JA/JG,Deadman River,2,10,Riffle,32.29,32.71,us,Right,14.22,14.6,8.05,8.05,6.05,4,4,0.32,0.68,5,10,55,28,2,0,0,,,,,
2024,25-Sep-24,JA/JG,Deadman River,2,10,Riffle,32.29,32.71,us,Right,14.22,14.6,8.05,8.05,6.05,5,5,0.32,0.62,5,10,60,23,2,0,0,,,,,
2024,25-Sep-24,JA/JG,Deadman River,2,10,Riffle,32.29,32.71,us,Right,14.22,14.6,8.05,8.05,6.05,6,6,0.26,0.2,40,20,30,10,0,0,0,,,,,
2024,25-Sep-24,JA/JG,Deadman River,2,10,Riffle,32.29,32.71,us,Right,14.22,14.6,8.05,8.05,6.05,7,7,0.1,0.16,40,20,30,10,0,0,0,,,,,
2024,25-Sep-24,JA/JG,Deadman River,2,10,Riffle,32.29,32.71,us,Right,14.22,14.6,8.05,8.05,6.05,8.05,8.05,0,0,999,999,999,999,999,999,999,,,,,
2024,25-Sep-24,JA/JG,Deadman River,2,11,Glide,132.17,46.27,us,Right,14.6,15.05,1,1,12.1,1,1,0,0,999,999,999,999,999,999,999,,,,,
2024,25-Sep-24,JA/JG,Deadman River,2,11,Glide,132.17,46.27,us,Right,14.6,15.05,1,1,12.1,2,2,0.5,0.12,100,0,0,0,0,0,0,,,,,
2024,25-Sep-24,JA/JG,Deadman River,2,11,Glide,132.17,46.27,us,Right,14.6,15.05,1,1,12.1,3,3,0.46,0.27,100,0,0,0,0,0,0,,,,,
2024,25-Sep-24,JA/JG,Deadman River,2,11,Glide,132.17,46.27,us,Right,14.6,15.05,1,1,12.1,4,4,0.44,0.23,80,20,0,0,0,0,0,,,,,
2024,25-Sep-24,JA/JG,Deadman River,2,11,Glide,132.17,46.27,us,Right,14.6,15.05,1,1,12.1,5,5,0.47,0.15,80,20,0,0,0,0,0,,,,,
2024,25-Sep-24,JA/JG,Deadman River,2,11,Glide,132.17,46.27,us,Right,14.6,15.05,1,1,12.1,6,6,0.53,0.13,80,20,0,0,0,0,0,,,,,
2024,25-Sep-24,JA/JG,Deadman River,2,11,Glide,132.17,46.27,us,Right,14.6,15.05,1,1,12.1,7,7,0.44,0.14,60,20,20,0,0,0,0,,,,,
2024,25-Sep-24,JA/JG,Deadman River,2,11,Glide,132.17,46.27,us,Right,14.6,15.05,1,1,12.1,8,8,0.33,0.12,35,50,15,0,0,0,0,,,,,
2024,25-Sep-24,JA/JG,Deadman River,2,11,Glide,132.17,46.27,us,Right,14.6,15.05,1,1,12.1,9,9,0.3,0.082,35,50,15,0,0,0,0,,,,,
2024,25-Sep-24,JA/JG,Deadman River,2,11,Glide,132.17,46.27,us,Right,14.6,15.05,1,1,12.1,10,10,0.3,0.13,70,20,10,0,0,0,0,,,,,
2024,25-Sep-24,JA/JG,Deadman River,2,11,Glide,132.17,46.27,us,Right,14.6,15.05,1,1,12.1,11,11,0.42,0.0046,100,0,0,0,0,0,0,,,,,
2024,25-Sep-24,JA/JG,Deadman River,2,11,Glide,132.17,46.27,us,Right,14.6,15.05,1,1,12.1,12,12,0.24,0.12,100,0,0,0,0,0,0,,,,,
2024,25-Sep-24,JA/JG,Deadman River,2,11,Glide,132.17,46.27,us,Right,14.6,15.05,1,1,12.1,13.1,13.1,0.03,0,100,0,0,0,0,0,0,,,,,
2024,25-Sep-24,JA/JG,Deadman River,2,12,Glide,132.17,30.78,us,Right,14.05,14.45,4.9,4.9,8.3,4.9,4.9,0,0,999,999,999,999,999,999,999,"Same glide as transect 11,13,14",,,,
2024,25-Sep-24,JA/JG,Deadman River,2,12,Glide,132.17,30.78,us,Right,14.05,14.45,4.9,4.9,8.3,5,5,0.01,0,25,60,15,0,0,0,0,,,,,
2024,25-Sep-24,JA/JG,Deadman River,2,12,Glide,132.17,30.78,us,Right,14.05,14.45,4.9,4.9,8.3,6,6,0.12,0.24,20,65,15,0,0,0,0,,,,,
2024,25-Sep-24,JA/JG,Deadman River,2,12,Glide,132.17,30.78,us,Right,14.05,14.45,4.9,4.9,8.3,7,7,0.18,0.34,20,70,10,0,0,0,0,,,,,
2024,25-Sep-24,JA/JG,Deadman River,2,12,Glide,132.17,30.78,us,Right,14.05,14.45,4.9,4.9,8.3,8,8,0.36,0.36,20,75,5,0,0,0,0,,,,,
2024,25-Sep-24,JA/JG,Deadman River,2,12,Glide,132.17,30.78,us,Right,14.05,14.45,4.9,4.9,8.3,9,9,0.5,0.35,15,35,10,30,10,0,0,,,,,
2024,25-Sep-24,JA/JG,Deadman River,2,12,Glide,132.17,30.78,us,Right,14.05,14.45,4.9,4.9,8.3,10,10,0.4,0.35,15,10,20,20,20,15,0,,,,,
2024,25-Sep-24,JA/JG,Deadman River,2,12,Glide,132.17,30.78,us,Right,14.05,14.45,4.9,4.9,8.3,11,11,0.32,0.25,15,10,20,20,25,10,0,,,,,
2024,25-Sep-24,JA/JG,Deadman River,2,12,Glide,132.17,30.78,us,Right,14.05,14.45,4.9,4.9,8.3,12,12,0.2,0.26,15,20,20,30,10,5,0,,,,,
2024,25-Sep-24,JA/JG,Deadman River,2,12,Glide,132.17,30.78,us,Right,14.05,14.45,4.9,4.9,8.3,13,13,0.02,0,70,5,10,15,0,0,0,,,,,
2024,25-Sep-24,JA/JG,Deadman River,2,12,Glide,132.17,30.78,us,Right,14.05,14.45,4.9,4.9,8.3,13.2,13.2,0,0,999,999,999,999,999,999,999,,,,,
2024,25-Sep-24,JA/JG,Deadman River,2,13,Glide,132.17,22.26,us,Right,17.25,17.69,2.7,2.7,9.4,2.7,2.7,0,0,999,999,999,999,999,999,999,,,,,
2024,25-Sep-24,JA/JG,Deadman River,2,13,Glide,132.17,22.26,us,Right,17.25,17.25,2.7,2.7,9.4,3,3,0.06,0.017,80,20,0,0,0,0,0,,,,,
2024,25-Sep-24,JA/JG,Deadman River,2,13,Glide,132.17,22.26,us,Right,17.25,17.25,2.7,2.7,9.4,4,4,0.16,-0.058,90,10,0,0,0,0,0,,,,,
2024,25-Sep-24,JA/JG,Deadman River,2,13,Glide,132.17,22.26,us,Right,17.25,17.25,2.7,2.7,9.4,5,5,0.4,0.18,70,30,0,0,0,0,0,,,,,
2024,25-Sep-24,JA/JG,Deadman River,2,13,Glide,132.17,22.26,us,Right,17.25,17.25,2.7,2.7,9.4,6,6,0.46,0.19,65,35,0,0,0,0,0,,,,,
2024,25-Sep-24,JA/JG,Deadman River,2,13,Glide,132.17,22.26,us,Right,17.25,17.25,2.7,2.7,9.4,7,7,0.5,0.19,40,35,25,0,0,0,0,,,,,
2024,25-Sep-24,JA/JG,Deadman River,2,13,Glide,132.17,22.26,us,Right,17.25,17.25,2.7,2.7,9.4,8,8,0.53,-0.076,40,35,25,0,0,0,0,,,,,
2024,25-Sep-24,JA/JG,Deadman River,2,13,Glide,132.17,22.26,us,Right,17.25,17.25,2.7,2.7,9.4,9,9,0.56,0.33,30,35,35,0,0,0,0,,,,,
2024,25-Sep-24,JA/JG,Deadman River,2,13,Glide,132.17,22.26,us,Right,17.25,17.25,2.7,2.7,9.4,10,10,0.7,0.33,40,30,30,0,0,0,0,,,,,
2024,25-Sep-24,JA/JG,Deadman River,2,13,Glide,132.17,22.26,us,Right,17.25,17.25,2.7,2.7,9.4,11,11,0.68,0.017,20,50,30,0,0,0,0,,,,,
2024,25-Sep-24,JA/JG,Deadman River,2,13,Glide,132.17,22.26,us,Right,17.25,17.25,2.7,2.7,9.4,12,12,0,0.01,15,45,40,0,0,0,0,,,,,
2024,25-Sep-24,JA/JG,Deadman River,2,13,Glide,132.17,22.26,us,Right,17.25,17.25,2.7,2.7,9.4,12.3,12.3,0,0,999,999,999,999,999,999,999,,,,,
2024,25-Sep-24,JA/JG,Deadman River,2,14,Glide,132.17,26.8,us,Right,18.65,19.06,1.7,1.7,6.8,1.7,1.7,0,0,999,999,999,999,999,999,999,,,,,
2024,25-Sep-24,JA/JG,Deadman River,2,14,Glide,132.17,26.8,us,Right,18.65,19.06,1.7,1.7,6.8,2,2,0.35,-0.026,100,0,0,0,0,0,0,,,,,
2024,25-Sep-24,JA/JG,Deadman River,2,14,Glide,132.17,26.8,us,Right,18.65,19.06,1.7,1.7,6.8,3,3,0.69,0.25,100,0,0,0,0,0,0,,,,,
2024,25-Sep-24,JA/JG,Deadman River,2,14,Glide,132.17,26.8,us,Right,18.65,19.06,1.7,1.7,6.8,4,4,0.64,0.33,100,0,0,0,0,0,0,,,,,
2024,25-Sep-24,JA/JG,Deadman River,2,14,Glide,132.17,26.8,us,Right,18.65,19.06,1.7,1.7,6.8,5,5,0.49,0.35,60,30,10,0,0,0,0,,,,,
2024,25-Sep-24,JA/JG,Deadman River,2,14,Glide,132.17,26.8,us,Right,18.65,19.06,1.7,1.7,6.8,6,6,0.36,0.31,30,60,10,0,0,0,0,,,,,
2024,25-Sep-24,JA/JG,Deadman River,2,14,Glide,132.17,26.8,us,Right,18.65,19.06,1.7,1.7,6.8,7,7,0.18,0.06,40,30,30,0,0,0,0,,,,,
2024,25-Sep-24,JA/JG,Deadman River,2,14,Glide,132.17,26.8,us,Right,18.65,19.06,1.7,1.7,6.8,8,8,0.06,0.042,30,30,30,10,0,0,0,,,,,
2024,25-Sep-24,JA/JG,Deadman River,2,14,Glide,132.17,26.8,us,Right,18.65,19.06,1.7,1.7,6.8,8.5,8.5,0,0,999,999,999,999,999,999,999,,,,,
2024,25-Sep-24,JA/JG,Deadman River,2,15,Pool,19.78,28.7,ds,Right,17.3,17.75,2,2,11.2,2,2,0,0,999,999,999,999,999,999,999,,,,,
2024,25-Sep-24,JA/JG,Deadman River,2,15,Pool,19.78,28.7,ds,Right,17.3,17.75,2,2,11.2,3,3,0.12,-0.011,90,10,0,0,0,0,0,,,,,
2024,25-Sep-24,JA/JG,Deadman River,2,15,Pool,19.78,28.7,ds,Right,17.3,17.75,2,2,11.2,4,4,0.4,0.068,100,0,0,0,0,0,0,,,,,
2024,25-Sep-24,JA/JG,Deadman River,2,15,Pool,19.78,28.7,ds,Right,17.3,17.75,2,2,11.2,5,5,0.7,0.1,100,0,0,0,0,0,0,,,,,
2024,25-Sep-24,JA/JG,Deadman River,2,15,Pool,19.78,28.7,ds,Right,17.3,17.75,2,2,11.2,6,6,0.98,0.24,100,0,0,0,0,0,0,,,,,
2024,25-Sep-24,JA/JG,Deadman River,2,15,Pool,19.78,28.7,ds,Right,17.3,17.75,2,2,11.2,7,7,1.15,0.2,100,0,0,0,0,0,0,,,,,
2024,25-Sep-24,JA/JG,Deadman River,2,15,Pool,19.78,28.7,ds,Right,17.3,17.75,2,2,11.2,8,8,1.15,0.061,100,0,0,0,0,0,0,,,,,
2024,25-Sep-24,JA/JG,Deadman River,2,15,Pool,19.78,28.7,ds,Right,17.3,17.75,2,2,11.2,9,9,0.96,0.16,100,0,0,0,0,0,0,,,,,
2024,25-Sep-24,JA/JG,Deadman River,2,15,Pool,19.78,28.7,ds,Right,17.3,17.75,2,2,11.2,10,10,0.61,-0.042,100,0,0,0,0,0,0,,,,,
2024,25-Sep-24,JA/JG,Deadman River,2,15,Pool,19.78,28.7,ds,Right,17.3,17.75,2,2,11.2,11,11,0.28,-0.081,100,0,0,0,0,0,0,,,,,
2024,25-Sep-24,JA/JG,Deadman River,2,15,Pool,19.78,28.7,ds,Right,17.3,17.75,2,2,11.2,12,12,0.22,-0.069,100,0,0,0,0,0,0,,,,,
2024,25-Sep-24,JA/JG,Deadman River,2,15,Pool,19.78,28.7,ds,Right,17.3,17.75,2,2,11.2,13,13,0.1,-0.031,100,0,0,0,0,0,0,,,,,
2024,25-Sep-24,JA/JG,Deadman River,2,15,Pool,19.78,28.7,ds,Right,17.3,17.75,2,2,11.2,13.2,13.2,0,0,999,999,999,999,999,999,999,,,,,
2024,25-Sep-24,JA/JG,Deadman River,3,1,Riffle,30.21,34.86,us,Right,24.5,24.52,14.75,14.75,7.65,14.75,14.75,0,0,999,999,999,999,999,999,999,,,,,
2024,25-Sep-24,JA/JG,Deadman River,3,1,Riffle,30.21,34.86,us,Right,24.5,24.52,14.75,14.75,7.65,15,15,0.01,0,5,60,35,0,0,0,0,,,,,
2024,25-Sep-24,JA/JG,Deadman River,3,1,Riffle,30.21,34.86,us,Right,24.5,24.52,14.75,14.75,7.65,16,16,0.12,0.71,5,60,35,0,0,0,0,,,,,
2024,25-Sep-24,JA/JG,Deadman River,3,1,Riffle,30.21,34.86,us,Right,24.5,24.52,14.75,14.75,7.65,17,17,0.18,0.99,5,60,35,0,0,0,0,,,,,
2024,25-Sep-24,JA/JG,Deadman River,3,1,Riffle,30.21,34.86,us,Right,24.5,24.52,14.75,14.75,7.65,18,18,0.12,0.81,5,60,35,0,0,0,0,,,,,
2024,25-Sep-24,JA/JG,Deadman River,3,1,Riffle,30.21,34.86,us,Right,24.5,24.52,14.75,14.75,7.65,19,19,0.1,0.9,5,60,35,0,0,0,0,,,,,
2024,25-Sep-24,JA/JG,Deadman River,3,1,Riffle,30.21,34.86,us,Right,24.5,24.52,14.75,14.75,7.65,20,20,0.2,0.83,5,60,35,0,0,0,0,,,,,
2024,25-Sep-24,JA/JG,Deadman River,3,1,Riffle,30.21,34.86,us,Right,24.5,24.52,14.75,14.75,7.65,21,21,0.1,0.76,5,60,35,0,0,0,0,,,,,
2024,25-Sep-24,JA/JG,Deadman River,3,1,Riffle,30.21,34.86,us,Right,24.5,24.52,14.75,14.75,7.65,22,22,0.04,0.14,40,60,0,0,0,0,0,,,,,
2024,25-Sep-24,JA/JG,Deadman River,3,1,Riffle,30.21,34.86,us,Right,24.5,24.52,14.75,14.75,7.65,22.4,22.4,0,0,999,999,999,999,999,999,999,,,,,
2024,25-Sep-24,JA/JG,Deadman River,3,2,Glide,27.8,26.7,us,Right,16.5,16.95,0.8,0.8,8.7,0.8,0.8,0,0,999,999,999,999,999,999,999,Island between 6m and 11.85m,,,,
2024,25-Sep-24,JA/JG,Deadman River,3,2,Glide,27.8,26.7,us,Right,16.5,16.95,0.8,0.8,8.7,1,1,0.86,0.1,100,0,0,0,0,0,0,,,,,
2024,25-Sep-24,JA/JG,Deadman River,3,2,Glide,27.8,26.7,us,Right,16.5,16.95,0.8,0.8,8.7,2,2,0.9,0.32,30,40,25,5,0,0,0,,,,,
2024,25-Sep-24,JA/JG,Deadman River,3,2,Glide,27.8,26.7,us,Right,16.5,16.95,0.8,0.8,8.7,3,3,0.73,0.28,50,20,30,0,0,0,0,,,,,
2024,25-Sep-24,JA/JG,Deadman River,3,2,Glide,27.8,26.7,us,Right,16.5,16.95,0.8,0.8,8.7,4,4,0.5,0.23,40,40,20,0,0,0,0,,,,,
2024,25-Sep-24,JA/JG,Deadman River,3,2,Glide,27.8,26.7,us,Right,16.5,16.95,0.8,0.8,8.7,5.5,5.5,0.2,0.082,20,60,20,0,0,0,0,,,,,
2024,25-Sep-24,JA/JG,Deadman River,3,2,Glide,27.8,26.7,us,Right,16.5,16.95,0.8,0.8,8.7,6,6,0,0,999,999,999,999,999,999,999,,,,,
2024,25-Sep-24,JA/JG,Deadman River,3,2,Glide,27.8,26.7,us,Right,16.5,16.95,0.8,0.8,8.7,11.85,11.85,0,0,999,999,999,999,999,999,999,,,,,
2024,25-Sep-24,JA/JG,Deadman River,3,2,Glide,27.8,26.7,us,Right,16.5,16.95,0.8,0.8,8.7,12,12,0.02,0,100,0,0,0,0,0,0,,,,,
2024,25-Sep-24,JA/JG,Deadman River,3,2,Glide,27.8,26.7,us,Right,16.5,16.95,0.8,0.8,8.7,13,13,0.4,0.0072,100,0,0,0,0,0,0,,,,,
2024,25-Sep-24,JA/JG,Deadman River,3,2,Glide,27.8,26.7,us,Right,16.5,16.95,0.8,0.8,8.7,14,14,0.8,-0.0002,100,0,0,0,0,0,0,,,,,
2024,25-Sep-24,JA/JG,Deadman River,3,2,Glide,27.8,26.7,us,Right,16.5,16.95,0.8,0.8,8.7,15,15,0.72,0.0004,100,0,0,0,0,0,0,,,,,
2024,25-Sep-24,JA/JG,Deadman River,3,2,Glide,27.8,26.7,us,Right,16.5,16.95,0.8,0.8,8.7,15.85,15.85,0,0,999,999,999,999,999,999,999,,,,,
2024,01-Oct-24,JA/JG,Deadman River,3,3,Pool,24.42,38.86,us,Right,22.7,22.5,1,1,20.6,1,1,0,0,999,999,999,999,999,999,999,,,,,
2024,01-Oct-24,JA/JG,Deadman River,3,3,Pool,24.42,38.86,us,Right,22.7,22.5,1,1,20.6,2,2,0.18,0.14,100,0,0,0,0,0,0,,,,,
2024,01-Oct-24,JA/JG,Deadman River,3,3,Pool,24.42,38.86,us,Right,22.7,22.5,1,1,20.6,3,3,0.28,0.13,100,0,0,0,0,0,0,,,,,
2024,01-Oct-24,JA/JG,Deadman River,3,3,Pool,24.42,38.86,us,Right,22.7,22.5,1,1,20.6,4,4,0.44,0.12,100,0,0,0,0,0,0,,,,,
2024,01-Oct-24,JA/JG,Deadman River,3,3,Pool,24.42,38.86,us,Right,22.7,22.5,1,1,20.6,5,5,0.78,0.091,100,0,0,0,0,0,0,,,,,
2024,01-Oct-24,JA/JG,Deadman River,3,3,Pool,24.42,38.86,us,Right,22.7,22.5,1,1,20.6,6,6,1.2,0.12,100,0,0,0,0,0,0,,,,,
2024,01-Oct-24,JA/JG,Deadman River,3,3,Pool,24.42,38.86,us,Right,22.7,22.5,1,1,20.6,7,7,1.5,0.15,100,0,0,0,0,0,0,,,,,
2024,01-Oct-24,JA/JG,Deadman River,3,3,Pool,24.42,38.86,us,Right,22.7,22.5,1,1,20.6,8,8,1.7,0.06,100,0,0,0,0,0,0,,,,,
2024,01-Oct-24,JA/JG,Deadman River,3,3,Pool,24.42,38.86,us,Right,22.7,22.5,1,1,20.6,9,9,1.78,0.016,100,0,0,0,0,0,0,,,,,
2024,01-Oct-24,JA/JG,Deadman River,3,3,Pool,24.42,38.86,us,Right,22.7,22.5,1,1,20.6,10,10,1.65,0.045,100,0,0,0,0,0,0,,,,,
2024,01-Oct-24,JA/JG,Deadman River,3,3,Pool,24.42,38.86,us,Right,22.7,22.5,1,1,20.6,11,11,1.44,-0.02,100,0,0,0,0,0,0,,,,,
2024,01-Oct-24,JA/JG,Deadman River,3,3,Pool,24.42,38.86,us,Right,22.7,22.5,1,1,20.6,12,12,1.28,0.1,100,0,0,0,0,0,0,,,,,
2024,01-Oct-24,JA/JG,Deadman River,3,3,Pool,24.42,38.86,us,Right,22.7,22.5,1,1,20.6,13,13,1.12,-0.044,100,0,0,0,0,0,0,,,,,
2024,01-Oct-24,JA/JG,Deadman River,3,3,Pool,24.42,38.86,us,Right,22.7,22.5,1,1,20.6,14,14,0.9,-0.047,100,0,0,0,0,0,0,,,,,
2024,01-Oct-24,JA/JG,Deadman River,3,3,Pool,24.42,38.86,us,Right,22.7,22.5,1,1,20.6,15,15,0.77,-0.083,100,0,0,0,0,0,0,,,,,
2024,01-Oct-24,JA/JG,Deadman River,3,3,Pool,24.42,38.86,us,Right,22.7,22.5,1,1,20.6,16,16,0.64,-0.062,100,0,0,0,0,0,0,,,,,
2024,01-Oct-24,JA/JG,Deadman River,3,3,Pool,24.42,38.86,us,Right,22.7,22.5,1,1,20.6,17,17,0.54,-0.05,100,0,0,0,0,0,0,,,,,
2024,01-Oct-24,JA/JG,Deadman River,3,3,Pool,24.42,38.86,us,Right,22.7,22.5,1,1,20.6,18,18,0.44,-0.028,100,0,0,0,0,0,0,,,,,
2024,01-Oct-24,JA/JG,Deadman River,3,3,Pool,24.42,38.86,us,Right,22.7,22.5,1,1,20.6,19,19,0.58,0.094,100,0,0,0,0,0,0,,,,,
2024,01-Oct-24,JA/JG,Deadman River,3,3,Pool,24.42,38.86,us,Right,22.7,22.5,1,1,20.6,20,20,0.78,-0.06,100,0,0,0,0,0,0,,,,,
2024,01-Oct-24,JA/JG,Deadman River,3,3,Pool,24.42,38.86,us,Right,22.7,22.5,1,1,20.6,21,21,0.1,0,100,0,0,0,0,0,0,,,,,
2024,01-Oct-24,JA/JG,Deadman River,3,3,Pool,24.42,38.86,us,Right,22.7,22.5,1,1,20.6,21.6,21.6,0,0,999,999,999,999,999,999,999,,,,,
2024,25-Sep-24,JA/JG,Deadman River,3,4,Riffle,50.12,24.38,us,Right,11.8,12.14,1.5,1.5,10.3,1.5,1.5,0,0,999,999,999,999,999,999,999,Same habitat unit as #5,,,,
2024,25-Sep-24,JA/JG,Deadman River,3,4,Riffle,50.12,24.38,us,Right,11.8,12.14,1.5,1.5,10.3,2,2,0.17,0.38,10,10,45,0,30,5,0,,,,,
2024,25-Sep-24,JA/JG,Deadman River,3,4,Riffle,50.12,24.38,us,Right,11.8,12.14,1.5,1.5,10.3,3,3,0.12,0.9,0,10,90,0,0,0,0,,,,,
2024,25-Sep-24,JA/JG,Deadman River,3,4,Riffle,50.12,24.38,us,Right,11.8,12.14,1.5,1.5,10.3,4,4,0.14,1.08,0,20,80,0,0,0,0,,,,,
2024,25-Sep-24,JA/JG,Deadman River,3,4,Riffle,50.12,24.38,us,Right,11.8,12.14,1.5,1.5,10.3,5,5,0.12,0.85,0,30,70,0,0,0,0,,,,,
2024,25-Sep-24,JA/JG,Deadman River,3,4,Riffle,50.12,24.38,us,Right,11.8,12.14,1.5,1.5,10.3,6,6,0.18,0.59,20,50,30,0,0,0,0,,,,,
2024,25-Sep-24,JA/JG,Deadman River,3,4,Riffle,50.12,24.38,us,Right,11.8,12.14,1.5,1.5,10.3,7,7,0.1,0.6,10,50,40,0,0,0,0,,,,,
2024,25-Sep-24,JA/JG,Deadman River,3,4,Riffle,50.12,24.38,us,Right,11.8,12.14,1.5,1.5,10.3,8,8,0.08,0.45,20,30,50,0,0,0,0,,,,,
2024,25-Sep-24,JA/JG,Deadman River,3,4,Riffle,50.12,24.38,us,Right,11.8,12.14,1.5,1.5,10.3,9,9,0.06,0.25,20,40,50,0,0,0,0,,,,,
2024,25-Sep-24,JA/JG,Deadman River,3,4,Riffle,50.12,24.38,us,Right,11.8,12.14,1.5,1.5,10.3,10,10,0.01,0.1,30,60,0,0,0,0,0,,,,,
2024,25-Sep-24,JA/JG,Deadman River,3,4,Riffle,50.12,24.38,us,Right,11.8,12.14,1.5,1.5,10.3,10.7,10.7,0,0,999,999,999,999,999,999,999,,,,,
2024,25-Sep-24,JA/JG,Deadman River,3,5,Riffle,50.12,19.98,us,Right,11.96,12.3,0.8,0.8,9.95,0.8,0.8,0,0,999,999,999,999,999,999,999,Same hbaitat unit as 4,,,,
2024,25-Sep-24,JA/JG,Deadman River,3,5,Riffle,50.12,19.98,us,Right,11.96,12.3,0.8,0.8,9.95,1,1,0.06,-0.059,80,8,7,5,0,0,0,,,,,
2024,25-Sep-24,JA/JG,Deadman River,3,5,Riffle,50.12,19.98,us,Right,11.96,12.3,0.8,0.8,9.95,2,2,0.4,0.54,20,50,30,0,0,0,0,,,,,
2024,25-Sep-24,JA/JG,Deadman River,3,5,Riffle,50.12,19.98,us,Right,11.96,12.3,0.8,0.8,9.95,3,3,0.3,0.86,20,40,40,0,0,0,0,,,,,
2024,25-Sep-24,JA/JG,Deadman River,3,5,Riffle,50.12,19.98,us,Right,11.96,12.3,0.8,0.8,9.95,4,4,0.22,0.72,10,60,30,0,0,0,0,,,,,
2024,25-Sep-24,JA/JG,Deadman River,3,5,Riffle,50.12,19.98,us,Right,11.96,12.3,0.8,0.8,9.95,5,5,0.14,0.45,10,50,40,0,0,0,0,,,,,
2024,25-Sep-24,JA/JG,Deadman River,3,5,Riffle,50.12,19.98,us,Right,11.96,12.3,0.8,0.8,9.95,6,6,0.1,0.11,10,30,60,0,0,0,0,,,,,
2024,25-Sep-24,JA/JG,Deadman River,3,5,Riffle,50.12,19.98,us,Right,11.96,12.3,0.8,0.8,9.95,7,7,0.08,0.19,10,40,50,0,0,0,0,,,,,
2024,25-Sep-24,JA/JG,Deadman River,3,5,Riffle,50.12,19.98,us,Right,11.96,12.3,0.8,0.8,9.95,8,8,0.08,-0.023,20,40,40,0,0,0,0,,,,,
2024,25-Sep-24,JA/JG,Deadman River,3,5,Riffle,50.12,19.98,us,Right,11.96,12.3,0.8,0.8,9.95,9,9,0.2,0.1,70,15,15,0,0,0,0,,,,,
2024,25-Sep-24,JA/JG,Deadman River,3,5,Riffle,50.12,19.98,us,Right,11.96,12.3,0.8,0.8,9.95,10,10,0.22,-0.0008,90,10,0,0,0,0,0,,,,,
2024,25-Sep-24,JA/JG,Deadman River,3,5,Riffle,50.12,19.98,us,Right,11.96,12.3,0.8,0.8,9.95,10.75,10.75,0,0,999,999,999,999,999,999,999,,,,,
2024,27-Sep-24,JC/JG,Deadman River,3,6,Pool,78.09,10.83,us,Right,15.23,15.7,0.65,0.65,9.97,,0.45,0,0,999,999,999,999,999,999,999,,,,,
2024,27-Sep-24,JC/JG,Deadman River,3,6,Pool,78.09,10.83,us,Right,15.23,15.7,0.65,0.65,9.97,1,0.8,0.16,0.058,70,0,0,0,30,0,0,"sub 0.20m from distance plus BF, same habitat unit as T7 and T8 and T9",,,,
2024,27-Sep-24,JC/JG,Deadman River,3,6,Pool,78.09,10.83,us,Right,15.23,15.7,0.65,0.65,9.97,2,1.8,0.34,0.019,70,0,0,0,30,0,0,,,,,
2024,27-Sep-24,JC/JG,Deadman River,3,6,Pool,78.09,10.83,us,Right,15.23,15.7,0.65,0.65,9.97,3,2.8,0.56,0.035,30,0,0,0,70,0,0,,,,,
2024,27-Sep-24,JC/JG,Deadman River,3,6,Pool,78.09,10.83,us,Right,15.23,15.7,0.65,0.65,9.97,4,3.8,0.94,0.29,70,0,0,0,30,0,0,,,,,
2024,27-Sep-24,JC/JG,Deadman River,3,6,Pool,78.09,10.83,us,Right,15.23,15.7,0.65,0.65,9.97,5,4.8,1.1,0.31,100,0,0,0,0,0,0,,,,,
2024,27-Sep-24,JC/JG,Deadman River,3,6,Pool,78.09,10.83,us,Right,15.23,15.7,0.65,0.65,9.97,6,5.8,0.78,0.15,100,0,0,0,0,0,0,,,,,
2024,27-Sep-24,JC/JG,Deadman River,3,6,Pool,78.09,10.83,us,Right,15.23,15.7,0.65,0.65,9.97,7,6.8,0.34,0.078,100,0,0,0,0,0,0,,,,,
2024,27-Sep-24,JC/JG,Deadman River,3,6,Pool,78.09,10.83,us,Right,15.23,15.7,0.65,0.65,9.97,8,7.8,0.28,0.13,100,0,0,0,0,0,0,,,,,
2024,27-Sep-24,JC/JG,Deadman River,3,6,Pool,78.09,10.83,us,Right,15.23,15.7,0.65,0.65,9.97,9,8.8,0.18,0.12,100,0,0,0,0,0,0,,,,,
2024,27-Sep-24,JC/JG,Deadman River,3,6,Pool,78.09,10.83,us,Right,15.23,15.7,0.65,0.65,9.97,10,9.8,0.08,0.042,90,10,0,0,0,0,0,,,,,
2024,27-Sep-24,JC/JG,Deadman River,3,6,Pool,78.09,10.83,us,Right,15.23,15.7,0.65,0.65,9.97,10.62,10.42,0,0,999,999,999,999,999,999,999,,,,,
2024,27-Sep-24,JC/JG,Deadman River,3,7,Glide,78.09,14.54,us,Right,22.1,22.5,1,1,12.31,,1,0,0,999,999,999,999,999,999,999,,,,,
2024,27-Sep-24,JC/JG,Deadman River,3,7,Glide,78.09,14.54,us,Right,22.1,22.5,1,1,12.31,2,2,0.24,0.22,100,0,0,0,0,0,0,Same hbaitat unit as T6 and T8 and T9,,,,
2024,27-Sep-24,JC/JG,Deadman River,3,7,Glide,78.09,14.54,us,Right,22.1,22.5,1,1,12.31,3,3,0.14,0.17,100,0,0,0,0,0,0,,,,,
2024,27-Sep-24,JC/JG,Deadman River,3,7,Glide,78.09,14.54,us,Right,22.1,22.5,1,1,12.31,4,4,0.24,0.1,100,0,0,0,0,0,0,,,,,
2024,27-Sep-24,JC/JG,Deadman River,3,7,Glide,78.09,14.54,us,Right,22.1,22.5,1,1,12.31,5,5,0.12,0.19,95,5,0,0,0,0,0,,,,,
2024,27-Sep-24,JC/JG,Deadman River,3,7,Glide,78.09,14.54,us,Right,22.1,22.5,1,1,12.31,6,6,0.15,0.12,100,0,0,0,0,0,0,,,,,
2024,27-Sep-24,JC/JG,Deadman River,3,7,Glide,78.09,14.54,us,Right,22.1,22.5,1,1,12.31,7,7,0.16,-0.028,100,0,0,0,0,0,0,,,,,
2024,27-Sep-24,JC/JG,Deadman River,3,7,Glide,78.09,14.54,us,Right,22.1,22.5,1,1,12.31,7.89,7.89,0,0,999,999,999,999,999,999,999,,,,,
2024,27-Sep-24,JC/JG,Deadman River,3,7,Glide,78.09,14.54,us,Right,22.1,22.5,1,1,12.31,11.98,11.98,0,0,999,999,999,999,999,999,999,,,,,
2024,27-Sep-24,JC/JG,Deadman River,3,7,Glide,78.09,14.54,us,Right,22.1,22.5,1,1,12.31,12,12,0.04,0,0,100,0,0,0,0,0,,,,,
2024,27-Sep-24,JC/JG,Deadman River,3,7,Glide,78.09,14.54,us,Right,22.1,22.5,1,1,12.31,13,13,0.16,0.9,0,100,0,0,0,0,0,,,,,
2024,27-Sep-24,JC/JG,Deadman River,3,7,Glide,78.09,14.54,us,Right,22.1,22.5,1,1,12.31,14,14,0.2,0.77,0,100,0,0,0,0,0,,,,,
2024,27-Sep-24,JC/JG,Deadman River,3,7,Glide,78.09,14.54,us,Right,22.1,22.5,1,1,12.31,15,15,0.22,0.3,0,95,5,0,0,0,0,,,,,
2024,27-Sep-24,JC/JG,Deadman River,3,7,Glide,78.09,14.54,us,Right,22.1,22.5,1,1,12.31,16,16,0.26,0.33,0,100,0,0,0,0,0,,,,,
2024,27-Sep-24,JC/JG,Deadman River,3,7,Glide,78.09,14.54,us,Right,22.1,22.5,1,1,12.31,17,17,0.16,0.24,0,100,0,0,0,0,0,,,,,
2024,27-Sep-24,JC/JG,Deadman River,3,7,Glide,78.09,14.54,us,Right,22.1,22.5,1,1,12.31,17.4,17.4,0,0,999,999,999,999,999,999,999,,,,,
2024,27-Sep-24,JC/JG,Deadman River,3,8,Glide,78.09,11.35,us,Right,15.33,15.46,3.15,3.15,8.25,,3.15,0,0,999,999,999,999,999,999,999,,,,,
2024,27-Sep-24,JC/JG,Deadman River,3,8,Glide,78.09,11.35,us,Right,15.33,15.46,3.15,3.15,8.25,4,4,0.04,-0.002,100,0,0,0,0,0,0,Same habitat unit as T6 and T7 and T9,,,,
2024,27-Sep-24,JC/JG,Deadman River,3,8,Glide,78.09,11.35,us,Right,15.33,15.46,3.15,3.15,8.25,5,5,0.25,0.16,100,0,0,0,0,0,0,,,,,
2024,27-Sep-24,JC/JG,Deadman River,3,8,Glide,78.09,11.35,us,Right,15.33,15.46,3.15,3.15,8.25,6,6,0.4,0.28,100,0,0,0,0,0,0,,,,,
2024,27-Sep-24,JC/JG,Deadman River,3,8,Glide,78.09,11.35,us,Right,15.33,15.46,3.15,3.15,8.25,7,7,0.6,0.25,100,0,0,0,0,0,0,,,,,
2024,27-Sep-24,JC/JG,Deadman River,3,8,Glide,78.09,11.35,us,Right,15.33,15.46,3.15,3.15,8.25,8,8,0.88,0.15,100,0,0,0,0,0,0,,,,,
2024,27-Sep-24,JC/JG,Deadman River,3,8,Glide,78.09,11.35,us,Right,15.33,15.46,3.15,3.15,8.25,9,9,1,0.15,100,0,0,0,0,0,0,,,,,
2024,27-Sep-24,JC/JG,Deadman River,3,8,Glide,78.09,11.35,us,Right,15.33,15.46,3.15,3.15,8.25,10,10,0.66,0.068,100,0,0,0,0,0,0,,,,,
2024,27-Sep-24,JC/JG,Deadman River,3,8,Glide,78.09,11.35,us,Right,15.33,15.46,3.15,3.15,8.25,11,11,0.6,0.043,70,0,0,0,30,0,0,,,,,
2024,27-Sep-24,JC/JG,Deadman River,3,8,Glide,78.09,11.35,us,Right,15.33,15.46,3.15,3.15,8.25,11.4,11.4,0,0,999,999,999,999,999,999,999,,,,,
2024,27-Sep-24,JC/JG,Deadman River,3,9,Glide,78.09,30.46,us,Right,24.71,24.85,1.25,1.25,6.09,,1.25,0,0,999,999,999,999,999,999,999,,,,,
2024,27-Sep-24,JC/JG,Deadman River,3,9,Glide,78.09,30.46,us,Right,24.71,24.85,1.25,1.25,6.09,2,2,0.2,0.42,0,30,70,0,0,0,0,"Same habitat unit aas T6,T7,T8",,,,
2024,27-Sep-24,JC/JG,Deadman River,3,9,Glide,78.09,30.46,us,Right,24.71,24.85,1.25,1.25,6.09,3,3,0.24,0.74,0,50,50,0,0,0,0,,,,,
2024,27-Sep-24,JC/JG,Deadman River,3,9,Glide,78.09,30.46,us,Right,24.71,24.85,1.25,1.25,6.09,4,4,0.18,0.66,0,40,60,0,0,0,0,,,,,
2024,27-Sep-24,JC/JG,Deadman River,3,9,Glide,78.09,30.46,us,Right,24.71,24.85,1.25,1.25,6.09,5,5,0.18,0.59,0,40,60,0,0,0,0,,,,,
2024,27-Sep-24,JC/JG,Deadman River,3,9,Glide,78.09,30.46,us,Right,24.71,24.85,1.25,1.25,6.09,6,6,0.26,0.54,0,50,50,0,0,0,0,,,,,
2024,27-Sep-24,JC/JG,Deadman River,3,9,Glide,78.09,30.46,us,Right,24.71,24.85,1.25,1.25,6.09,7,7,0.08,0.0013,0,70,30,0,0,0,0,,,,,
2024,27-Sep-24,JC/JG,Deadman River,3,9,Glide,78.09,30.46,us,Right,24.71,24.85,1.25,1.25,6.09,7.34,7.34,0,0,999,999,999,999,999,999,999,,,,,
2024,27-Sep-24,JC/JG,Deadman River,3,10,Riffle,25.18,46.67,us,Right,15.4,15.78,0.45,0.45,5.52,0.45,0.45,0.1,0.91,100,0,0,0,0,0,0,,,,,
2024,27-Sep-24,JC/JG,Deadman River,3,10,Riffle,25.18,46.67,us,Right,15.4,15.78,0.45,0.45,5.52,1,1,0.52,0.82,95,5,0,0,0,0,0,,,,,
2024,27-Sep-24,JC/JG,Deadman River,3,10,Riffle,25.18,46.67,us,Right,15.4,15.78,0.45,0.45,5.52,2,2,0.7,0.21,90,10,0,0,0,0,0,,,,,
2024,27-Sep-24,JC/JG,Deadman River,3,10,Riffle,25.18,46.67,us,Right,15.4,15.78,0.45,0.45,5.52,3,3,0.42,0.23,90,5,5,0,0,0,0,,,,,
2024,27-Sep-24,JC/JG,Deadman River,3,10,Riffle,25.18,46.67,us,Right,15.4,15.78,0.45,0.45,5.52,4,4,0.27,-0.0017,90,5,5,0,0,0,0,,,,,
2024,27-Sep-24,JC/JG,Deadman River,3,10,Riffle,25.18,46.67,us,Right,15.4,15.78,0.45,0.45,5.52,5,5,0.06,0.07,90,5,5,0,0,0,0,,,,,
2024,27-Sep-24,JC/JG,Deadman River,3,10,Riffle,25.18,46.67,us,Right,15.4,15.78,0.45,0.45,5.52,5.97,5.97,0,0,999,999,999,999,999,999,999,,,,,
2024,27-Sep-24,JC/JG,Deadman River,3,11,Glide,86.54,40.34,us,Right,12.75,13.5,1.12,1.12,10.88,1.12,1.12,0,0,999,999,999,999,999,999,999,Same habitat unit as transect 12,,,,
2024,27-Sep-24,JC/JG,Deadman River,3,11,Glide,86.54,40.34,us,Right,12.75,13.5,1.12,1.12,10.88,2,2,0.1,0.31,0,30,60,10,0,0,0,,,,,
2024,27-Sep-24,JC/JG,Deadman River,3,11,Glide,86.54,40.34,us,Right,12.75,13.5,1.12,1.12,10.88,3,3,0.1,0.42,0,30,60,10,0,0,0,,,,,
2024,27-Sep-24,JC/JG,Deadman River,3,11,Glide,86.54,40.34,us,Right,12.75,13.5,1.12,1.12,10.88,4,4,0.14,0.72,0,30,60,10,0,0,0,,,,,
2024,27-Sep-24,JC/JG,Deadman River,3,11,Glide,86.54,40.34,us,Right,12.75,13.5,1.12,1.12,10.88,5,5,0.18,0.66,0,50,45,5,0,0,0,,,,,
2024,27-Sep-24,JC/JG,Deadman River,3,11,Glide,86.54,40.34,us,Right,12.75,13.5,1.12,1.12,10.88,6,6,0.16,0.71,5,45,45,5,0,0,0,,,,,
2024,27-Sep-24,JC/JG,Deadman River,3,11,Glide,86.54,40.34,us,Right,12.75,13.5,1.12,1.12,10.88,7,7,0.2,0.57,15,45,40,0,0,0,0,,,,,
2024,27-Sep-24,JC/JG,Deadman River,3,11,Glide,86.54,40.34,us,Right,12.75,13.5,1.12,1.12,10.88,8,8,0.22,0.21,60,30,10,0,0,0,0,,,,,
2024,27-Sep-24,JC/JG,Deadman River,3,11,Glide,86.54,40.34,us,Right,12.75,13.5,1.12,1.12,10.88,9,9,0.26,0.14,80,10,10,0,0,0,0,,,,,
2024,27-Sep-24,JC/JG,Deadman River,3,11,Glide,86.54,40.34,us,Right,12.75,13.5,1.12,1.12,10.88,10,10,0.18,0.14,60,30,10,0,0,0,0,,,,,
2024,27-Sep-24,JC/JG,Deadman River,3,11,Glide,86.54,40.34,us,Right,12.75,13.5,1.12,1.12,10.88,11,11,0.18,0.09,70,20,10,0,0,0,0,,,,,
2024,27-Sep-24,JC/JG,Deadman River,3,11,Glide,86.54,40.34,us,Right,12.75,13.5,1.12,1.12,10.88,12,12,0,0,999,999,999,999,999,999,999,,,,,
2024,27-Sep-24,JC/JG,Deadman River,3,12,Glide,86.54,20.04,us,Right,12.9,13.35,0.9,0.9,8.9,0.9,0.9,0,0,999,999,999,999,999,999,999,Same habitat unit as transect 11,,,,
2024,27-Sep-24,JC/JG,Deadman River,3,12,Glide,86.54,20.04,us,Right,12.9,13.35,0.9,0.9,8.9,1,1,0.1,-0.0018,0,0,20,20,20,40,0,,,,,
2024,27-Sep-24,JC/JG,Deadman River,3,12,Glide,86.54,20.04,us,Right,12.9,13.35,0.9,0.9,8.9,2,2,0.3,0.45,0,10,20,30,40,0,0,,,,,
2024,27-Sep-24,JC/JG,Deadman River,3,12,Glide,86.54,20.04,us,Right,12.9,13.35,0.9,0.9,8.9,3,3,0.38,0.43,0,10,50,10,30,0,0,,,,,
2024,27-Sep-24,JC/JG,Deadman River,3,12,Glide,86.54,20.04,us,Right,12.9,13.35,0.9,0.9,8.9,4,4,0.26,0.47,0,20,60,10,10,0,0,,,,,
2024,27-Sep-24,JC/JG,Deadman River,3,12,Glide,86.54,20.04,us,Right,12.9,13.35,0.9,0.9,8.9,5,5,0.18,0.6,0,20,70,10,0,0,0,,,,,
2024,27-Sep-24,JC/JG,Deadman River,3,12,Glide,86.54,20.04,us,Right,12.9,13.35,0.9,0.9,8.9,6,6,0.26,0.44,0,20,70,10,0,0,0,,,,,
2024,27-Sep-24,JC/JG,Deadman River,3,12,Glide,86.54,20.04,us,Right,12.9,13.35,0.9,0.9,8.9,7,7,0.28,-0.014,0,20,70,10,0,0,0,,,,,
2024,27-Sep-24,JC/JG,Deadman River,3,12,Glide,86.54,20.04,us,Right,12.9,13.35,0.9,0.9,8.9,8,8,0.1,0.0001,80,0,20,0,0,0,0,,,,,
2024,27-Sep-24,JC/JG,Deadman River,3,12,Glide,86.54,20.04,us,Right,12.9,13.35,0.9,0.9,8.9,8.4,8.4,0,0,999,999,999,999,999,999,999,,,,,
2024,27-Sep-24,JC/JG,Deadman River,3,12,Glide,86.54,20.04,us,Right,12.9,13.35,0.9,0.9,8.9,9.7,9.7,0,0,999,999,999,999,999,999,999,,,,,
2024,27-Sep-24,JC/JG,Deadman River,3,12,Glide,86.54,20.04,us,Right,12.9,13.35,0.9,0.9,8.9,10,10,0.08,0.0006,80,0,20,0,0,0,0,,,,,
2024,27-Sep-24,JC/JG,Deadman River,3,12,Glide,86.54,20.04,us,Right,12.9,13.35,0.9,0.9,8.9,11,11,0.01,0,100,0,0,0,0,0,0,,,,,
2024,27-Sep-24,JC/JG,Deadman River,3,12,Glide,86.54,20.04,us,Right,12.9,13.35,0.9,0.9,8.9,11.1,11.1,0,0,999,999,999,999,999,999,999,,,,,
2024,01-Oct-24,JC/JG,Deadman River,3,13,Pool,21.88,18.5,us,Right,19.75,20.19,1.8,1.8,16,1.8,1.8,0,0,999,999,999,999,999,999,999,,,,,
2024,01-Oct-24,JC/JG,Deadman River,3,13,Pool,21.88,18.5,us,Right,19.75,20.19,1.8,1.8,16,2,2,0.3,0.018,30,0,0,10,10,50,0,,,,,
2024,01-Oct-24,JC/JG,Deadman River,3,13,Pool,21.88,18.5,us,Right,19.75,20.19,1.8,1.8,16,3,3,0.76,0.33,40,0,0,0,10,50,0,,,,,
2024,01-Oct-24,JC/JG,Deadman River,3,13,Pool,21.88,18.5,us,Right,19.75,20.19,1.8,1.8,16,4,4,0.7,-0.073,60,0,0,0,10,30,0,,,,,
2024,01-Oct-24,JC/JG,Deadman River,3,13,Pool,21.88,18.5,us,Right,19.75,20.19,1.8,1.8,16,5,5,0.85,0.046,55,35,0,0,0,10,0,,,,,
2024,01-Oct-24,JC/JG,Deadman River,3,13,Pool,21.88,18.5,us,Right,19.75,20.19,1.8,1.8,16,6,6,0.75,0.049,55,35,0,0,0,10,0,,,,,
2024,01-Oct-24,JC/JG,Deadman River,3,13,Pool,21.88,18.5,us,Right,19.75,20.19,1.8,1.8,16,7,7,0.84,-0.028,60,30,10,0,0,0,0,,,,,
2024,01-Oct-24,JC/JG,Deadman River,3,13,Pool,21.88,18.5,us,Right,19.75,20.19,1.8,1.8,16,8,8,0.96,-0.1,55,20,20,5,0,0,0,,,,,
2024,01-Oct-24,JC/JG,Deadman River,3,13,Pool,21.88,18.5,us,Right,19.75,20.19,1.8,1.8,16,9,9,0.96,0.23,40,25,35,0,0,0,0,,,,,
2024,01-Oct-24,JC/JG,Deadman River,3,13,Pool,21.88,18.5,us,Right,19.75,20.19,1.8,1.8,16,10,10,1,0.19,30,40,30,0,0,0,0,,,,,
2024,01-Oct-24,JC/JG,Deadman River,3,13,Pool,21.88,18.5,us,Right,19.75,20.19,1.8,1.8,16,11,11,1.12,0.29,30,40,30,0,0,0,0,,,,,
2024,01-Oct-24,JC/JG,Deadman River,3,13,Pool,21.88,18.5,us,Right,19.75,20.19,1.8,1.8,16,12,12,1.1,0.12,30,40,30,0,0,0,0,,,,,
2024,01-Oct-24,JC/JG,Deadman River,3,13,Pool,21.88,18.5,us,Right,19.75,20.19,1.8,1.8,16,13,13,1,0.19,40,40,20,0,0,0,0,,,,,
2024,01-Oct-24,JC/JG,Deadman River,3,13,Pool,21.88,18.5,us,Right,19.75,20.19,1.8,1.8,16,14,14,0.8,0.31,65,25,10,0,0,0,0,,,,,
2024,01-Oct-24,JC/JG,Deadman River,3,13,Pool,21.88,18.5,us,Right,19.75,20.19,1.8,1.8,16,15,15,0.45,-0.066,60,20,20,0,0,0,0,,,,,
2024,01-Oct-24,JC/JG,Deadman River,3,13,Pool,21.88,18.5,us,Right,19.75,20.19,1.8,1.8,16,16,16,0.17,-0.37,45,40,15,0,0,0,0,,,,,
2024,01-Oct-24,JC/JG,Deadman River,3,13,Pool,21.88,18.5,us,Right,19.75,20.19,1.8,1.8,16,17,17,0.13,-0.003,70,30,0,0,0,0,0,,,,,
2024,01-Oct-24,JC/JG,Deadman River,3,13,Pool,21.88,18.5,us,Right,19.75,20.19,1.8,1.8,16,17.8,17.8,0,0,999,999,999,999,999,999,999,,,,,
2024,27-Sep-24,JC/JG,Deadman River,3,14,Riffle,23.7,9.81,us,Right,23.64,24.05,0.7,0.7,9.45,0.7,0.7,0,0,999,999,999,999,999,999,999,Same haitat unit as transect 15,,,,
2024,27-Sep-24,JC/JG,Deadman River,3,14,Riffle,23.7,9.81,us,Right,23.64,24.05,0.7,0.7,9.45,1,1,0.3,0.0003,0,0,0,0,0,100,0,,,,,
2024,27-Sep-24,JC/JG,Deadman River,3,14,Riffle,23.7,9.81,us,Right,23.64,24.05,0.7,0.7,9.45,2,2,0.15,0.0005,60,0,0,0,0,40,0,,,,,
2024,27-Sep-24,JC/JG,Deadman River,3,14,Riffle,23.7,9.81,us,Right,23.64,24.05,0.7,0.7,9.45,2.65,2.65,0,0,999,999,999,999,999,999,999,,,,,
2024,27-Sep-24,JC/JG,Deadman River,3,14,Riffle,23.7,9.81,us,Right,23.64,24.05,0.7,0.7,9.45,14.7,14.7,0,0,999,999,999,999,999,999,999,Same haitat unit as transect 15,,,,
2024,27-Sep-24,JC/JG,Deadman River,3,14,Riffle,23.7,9.81,us,Right,23.64,24.05,0.7,0.7,9.45,15,15,0.12,-0.0071,30,10,60,0,0,0,0,,,,,
2024,27-Sep-24,JC/JG,Deadman River,3,14,Riffle,23.7,9.81,us,Right,23.64,24.05,0.7,0.7,9.45,16,16,0.34,0.0072,20,30,50,0,0,0,0,,,,,
2024,27-Sep-24,JC/JG,Deadman River,3,14,Riffle,23.7,9.81,us,Right,23.64,24.05,0.7,0.7,9.45,17,17,0.35,0.14,20,50,30,0,0,0,0,,,,,
2024,27-Sep-24,JC/JG,Deadman River,3,14,Riffle,23.7,9.81,us,Right,23.64,24.05,0.7,0.7,9.45,18,18,0.42,0.56,15,50,35,0,0,0,0,,,,,
2024,27-Sep-24,JC/JG,Deadman River,3,14,Riffle,23.7,9.81,us,Right,23.64,24.05,0.7,0.7,9.45,19,19,0.36,0.68,15,50,35,0,0,0,0,,,,,
2024,27-Sep-24,JC/JG,Deadman River,3,14,Riffle,23.7,9.81,us,Right,23.64,24.05,0.7,0.7,9.45,20,20,0.28,0.29,10,80,10,0,0,0,0,,,,,
2024,27-Sep-24,JC/JG,Deadman River,3,14,Riffle,23.7,9.81,us,Right,23.64,24.05,0.7,0.7,9.45,21,21,0.18,0.0064,50,40,10,0,0,0,0,,,,,
2024,27-Sep-24,JC/JG,Deadman River,3,14,Riffle,23.7,9.81,us,Right,23.64,24.05,0.7,0.7,9.45,22,22,0.14,-0.0024,100,0,0,0,0,0,0,,,,,
2024,27-Sep-24,JC/JG,Deadman River,3,14,Riffle,23.7,9.81,us,Right,23.64,24.05,0.7,0.7,9.45,22.2,22.2,0,0,999,999,999,999,999,999,999,,,,,
2024,27-Sep-24,JC/JG,Deadman River,3,15,Riffle,23.7,9.81,ds,Right,19.76,20.18,12.4,12.4,6.7,12.4,12.4,0,0,999,999,999,999,999,999,999,Same habitat unit as 14,,,,
2024,27-Sep-24,JC/JG,Deadman River,3,15,Riffle,23.7,9.81,ds,Right,19.76,20.18,12.4,12.4,6.7,13,13,0.06,0.48,0,60,40,0,0,0,0,,,,,
2024,27-Sep-24,JC/JG,Deadman River,3,15,Riffle,23.7,9.81,ds,Right,19.76,20.18,12.4,12.4,6.7,14,14,0.01,0,0,40,60,0,0,0,0,,,,,
2024,27-Sep-24,JC/JG,Deadman River,3,15,Riffle,23.7,9.81,ds,Right,19.76,20.18,12.4,12.4,6.7,15,15,0.05,0.033,0,40,60,0,0,0,0,,,,,
2024,27-Sep-24,JC/JG,Deadman River,3,15,Riffle,23.7,9.81,ds,Right,19.76,20.18,12.4,12.4,6.7,16,16,0.12,0.28,15,25,60,0,0,0,0,,,,,
2024,27-Sep-24,JC/JG,Deadman River,3,15,Riffle,23.7,9.81,ds,Right,19.76,20.18,12.4,12.4,6.7,17,17,0.24,0.72,0,60,40,0,0,0,0,,,,,
2024,27-Sep-24,JC/JG,Deadman River,3,15,Riffle,23.7,9.81,ds,Right,19.76,20.18,12.4,12.4,6.7,18,18,0.36,0.97,0,60,40,0,0,0,0,,,,,
2024,27-Sep-24,JC/JG,Deadman River,3,15,Riffle,23.7,9.81,ds,Right,19.76,20.18,12.4,12.4,6.7,19,19,0.28,0.32,0,60,40,0,0,0,0,,,,,
2024,27-Sep-24,JC/JG,Deadman River,3,15,Riffle,23.7,9.81,ds,Right,19.76,20.18,12.4,12.4,6.7,19.1,19.1,0,0,999,999,999,999,999,999,999,,,,,
,,,,,,,,,,,,,,,,,,,,,,,,,,,,,,,
,,,,,,,,,,,,,,,,,,,,,,,,,,,,,,,
,,,,,,,,,,,,,,,,,,,,,,,,,,,,,,,
,,,,,,,,,,,,,,,,,,,,,,,,,,,,,,,
,,,,,,,,,,,,,,,,,,,,,,,,,,,,,,,
,,,,,,,,,,,,,,,,,,,,,,,,,,,,,,,
,,,,,,,,,,,,,,,,,,,,,,,,,,,,,,,
,,,,,,,,,,,,,,,,,,,,,,,,,,,,,,,
,,,,,,,,,,,,,,,,,,,,,,,,,,,,,,,
,,,,,,,,,,,,,,,,,,,,,,,,,,,,,,,
,,,,,,,,,,,,,,,,,,,,,,,,,,,,,,,
,,,,,,,,,,,,,,,,,,,,,,,,,,,,,,,
,,,,,,,,,,,,,,,,,,,,,,,,,,,,,,,
,,,,,,,,,,,,,,,,,,,,,,,,,,,,,,,
,,,,,,,,,,,,,,,,,,,,,,,,,,,,,,,
,,,,,,,,,,,,,,,,,,,,,,,,,,,,,,,
,,,,,,,,,,,,,,,,,,,,,,,,,,,,,,,
,,,,,,,,,,,,,,,,,,,,,,,,,,,,,,,
,,,,,,,,,,,,,,,,,,,,,,,,,,,,,,,
,,,,,,,,,,,,,,,,,,,,,,,,,,,,,,,
,,,,,,,,,,,,,,,,,,,,,,,,,,,,,,,
,,,,,,,,,,,,,,,,,,,,,,,,,,,,,,,
,,,,,,,,,,,,,,,,,,,,,,,,,,,,,,,
,,,,,,,,,,,,,,,,,,,,,,,,,,,,,,,
,,,,,,,,,,,,,,,,,,,,,,,,,,,,,,,
,,,,,,,,,,,,,,,,,,,,,,,,,,,,,,,
,,,,,,,,,,,,,,,,,,,,,,,,,,,,,,,
,,,,,,,,,,,,,,,,,,,,,,,,,,,,,,,
,,,,,,,,,,,,,,,,,,,,,,,,,,,,,,,
,,,,,,,,,,,,,,,,,,,,,,,,,,,,,,,
,,,,,,,,,,,,,,,,,,,,,,,,,,,,,,,
,,,,,,,,,,,,,,,,,,,,,,,,,,,,,,,
,,,,,,,,,,,,,,,,,,,,,,,,,,,,,,,
,,,,,,,,,,,,,,,,,,,,,,,,,,,,,,,
,,,,,,,,,,,,,,,,,,,,,,,,,,,,,,,
,,,,,,,,,,,,,,,,,,,,,,,,,,,,,,,
,,,,,,,,,,,,,,,,,,,,,,,,,,,,,,,
,,,,,,,,,,,,,,,,,,,,,,,,,,,,,,,
,,,,,,,,,,,,,,,,,,,,,,,,,,,,,,,
,,,,,,,,,,,,,,,,,,,,,,,,,,,,,,,
,,,,,,,,,,,,,,,,,,,,,,,,,,,,,,,
,,,,,,,,,,,,,,,,,,,,,,,,,,,,,,,
,,,,,,,,,,,,,,,,,,,,,,,,,,,,,,,
,,,,,,,,,,,,,,,,,,,,,,,,,,,,,,,
,,,,,,,,,,,,,,,,,,,,,,,,,,,,,,,
,,,,,,,,,,,,,,,,,,,,,,,,,,,,,,,
,,,,,,,,,,,,,,,,,,,,,,,,,,,,,,,
,,,,,,,,,,,,,,,,,,,,,,,,,,,,,,,
,,,,,,,,,,,,,,,,,,,,,,,,,,,,,,,
,,,,,,,,,,,,,,,,,,,,,,,,,,,,,,,
,,,,,,,,,,,,,,,,,,,,,,,,,,,,,,,
,,,,,,,,,,,,,,,,,,,,,,,,,,,,,,,
,,,,,,,,,,,,,,,,,,,,,,,,,,,,,,,
,,,,,,,,,,,,,,,,,,,,,,,,,,,,,,,
,,,,,,,,,,,,,,,,,,,,,,,,,,,,,,,
,,,,,,,,,,,,,,,,,,,,,,,,,,,,,,,
,,,,,,,,,,,,,,,,,,,,,,,,,,,,,,,
,,,,,,,,,,,,,,,,,,,,,,,,,,,,,,,
,,,,,,,,,,,,,,,,,,,,,,,,,,,,,,,
,,,,,,,,,,,,,,,,,,,,,,,,,,,,,,,
,,,,,,,,,,,,,,,,,,,,,,,,,,,,,,,
,,,,,,,,,,,,,,,,,,,,,,,,,,,,,,,
,,,,,,,,,,,,,,,,,,,,,,,,,,,,,,,
,,,,,,,,,,,,,,,,,,,,,,,,,,,,,,,
,,,,,,,,,,,,,,,,,,,,,,,,,,,,,,,
,,,,,,,,,,,,,,,,,,,,,,,,,,,,,,,
,,,,,,,,,,,,,,,,,,,,,,,,,,,,,,,
,,,,,,,,,,,,,,,,,,,,,,,,,,,,,,,
,,,,,,,,,,,,,,,,,,,,,,,,,,,,,,,
,,,,,,,,,,,,,,,,,,,,,,,,,,,,,,,
,,,,,,,,,,,,,,,,,,,,,,,,,,,,,,,
,,,,,,,,,,,,,,,,,,,,,,,,,,,,,,,
,,,,,,,,,,,,,,,,,,,,,,,,,,,,,,,
,,,,,,,,,,,,,,,,,,,,,,,,,,,,,,,
,,,,,,,,,,,,,,,,,,,,,,,,,,,,,,,
,,,,,,,,,,,,,,,,,,,,,,,,,,,,,,,
,,,,,,,,,,,,,,,,,,,,,,,,,,,,,,,
,,,,,,,,,,,,,,,,,,,,,,,,,,,,,,,
,,,,,,,,,,,,,,,,,,,,,,,,,,,,,,,
,,,,,,,,,,,,,,,,,,,,,,,,,,,,,,,
,,,,,,,,,,,,,,,,,,,,,,,,,,,,,,,
,,,,,,,,,,,,,,,,,,,,,,,,,,,,,,,
,,,,,,,,,,,,,,,,,,,,,,,,,,,,,,,
,,,,,,,,,,,,,,,,,,,,,,,,,,,,,,,
,,,,,,,,,,,,,,,,,,,,,,,,,,,,,,,
,,,,,,,,,,,,,,,,,,,,,,,,,,,,,,,
,,,,,,,,,,,,,,,,,,,,,,,,,,,,,,,
,,,,,,,,,,,,,,,,,,,,,,,,,,,,,,,
,,,,,,,,,,,,,,,,,,,,,,,,,,,,,,,
,,,,,,,,,,,,,,,,,,,,,,,,,,,,,,,
,,,,,,,,,,,,,,,,,,,,,,,,,,,,,,,
,,,,,,,,,,,,,,,,,,,,,,,,,,,,,,,
,,,,,,,,,,,,,,,,,,,,,,,,,,,,,,,
,,,,,,,,,,,,,,,,,,,,,,,,,,,,,,,
,,,,,,,,,,,,,,,,,,,,,,,,,,,,,,,
,,,,,,,,,,,,,,,,,,,,,,,,,,,,,,,
,,,,,,,,,,,,,,,,,,,,,,,,,,,,,,,
,,,,,,,,,,,,,,,,,,,,,,,,,,,,,,,
,,,,,,,,,,,,,,,,,,,,,,,,,,,,,,,
,,,,,,,,,,,,,,,,,,,,,,,,,,,,,,,
,,,,,,,,,,,,,,,,,,,,,,,,,,,,,,,
,,,,,,,,,,,,,,,,,,,,,,,,,,,,,,,
,,,,,,,,,,,,,,,,,,,,,,,,,,,,,,,
,,,,,,,,,,,,,,,,,,,,,,,,,,,,,,,
,,,,,,,,,,,,,,,,,,,,,,,,,,,,,,,
,,,,,,,,,,,,,,,,,,,,,,,,,,,,,,,
,,,,,,,,,,,,,,,,,,,,,,,,,,,,,,,
,,,,,,,,,,,,,,,,,,,,,,,,,,,,,,,
,,,,,,,,,,,,,,,,,,,,,,,,,,,,,,,
,,,,,,,,,,,,,,,,,,,,,,,,,,,,,,,
,,,,,,,,,,,,,,,,,,,,,,,,,,,,,,,
,,,,,,,,,,,,,,,,,,,,,,,,,,,,,,,
,,,,,,,,,,,,,,,,,,,,,,,,,,,,,,,
,,,,,,,,,,,,,,,,,,,,,,,,,,,,,,,
,,,,,,,,,,,,,,,,,,,,,,,,,,,,,,,
,,,,,,,,,,,,,,,,,,,,,,,,,,,,,,,
,,,,,,,,,,,,,,,,,,,,,,,,,,,,,,,
,,,,,,,,,,,,,,,,,,,,,,,,,,,,,,,
,,,,,,,,,,,,,,,,,,,,,,,,,,,,,,,
,,,,,,,,,,,,,,,,,,,,,,,,,,,,,,,
,,,,,,,,,,,,,,,,,,,,,,,,,,,,,,,
,,,,,,,,,,,,,,,,,,,,,,,,,,,,,,,
,,,,,,,,,,,,,,,,,,,,,,,,,,,,,,,
,,,,,,,,,,,,,,,,,,,,,,,,,,,,,,,
,,,,,,,,,,,,,,,,,,,,,,,,,,,,,,,
,,,,,,,,,,,,,,,,,,,,,,,,,,,,,,,
,,,,,,,,,,,,,,,,,,,,,,,,,,,,,,,
,,,,,,,,,,,,,,,,,,,,,,,,,,,,,,,
,,,,,,,,,,,,,,,,,,,,,,,,,,,,,,,
,,,,,,,,,,,,,,,,,,,,,,,,,,,,,,,
,,,,,,,,,,,,,,,,,,,,,,,,,,,,,,,
,,,,,,,,,,,,,,,,,,,,,,,,,,,,,,,
,,,,,,,,,,,,,,,,,,,,,,,,,,,,,,,
,,,,,,,,,,,,,,,,,,,,,,,,,,,,,,,
,,,,,,,,,,,,,,,,,,,,,,,,,,,,,,,
,,,,,,,,,,,,,,,,,,,,,,,,,,,,,,,
