year,date,crew,site,reach,transect.num,habitat.type,habitat.length,dist.from.trans,direction.us.ds,river.side.L.R,bank.w pre add,bank.w,wetted.edge pre add,wetted.edge,wetted.w,distance pre add,distance m,depth,velocity,F,SG,LG,SC,LC,B,R,comments
2024,10-Jul-24,JM EM JG,Deadman,1,1,glide,32.99,43.14,us,right,17.4,17.4,1.2,1.2,7,1.2,1.2,0,0,999,999,999,999,999,999,999,
2024,10-Jul-24,JM EM JG,Deadman,1,1,glide,32.99,43.14,us,right,17.4,17.4,1.2,1.2,7,2.2,2.2,0.32,0.54,15,30,30,25,0,0,0,
2024,10-Jul-24,JM EM JG,Deadman,1,1,glide,32.99,43.14,us,right,17.4,17.4,1.2,1.2,7,3.3,3.3,0.42,0.56,5,50,30,15,0,0,0,
2024,10-Jul-24,JM EM JG,Deadman,1,1,glide,32.99,43.14,us,right,17.4,17.4,1.2,1.2,7,4.2,4.2,0.34,0.76,5,40,50,5,0,0,0,
2024,10-Jul-24,JM EM JG,Deadman,1,1,glide,32.99,43.14,us,right,17.4,17.4,1.2,1.2,7,5.2,5.2,0.3,0.72,5,40,50,5,0,0,0,
2024,10-Jul-24,JM EM JG,Deadman,1,1,glide,32.99,43.14,us,right,17.4,17.4,1.2,1.2,7,6.2,6.2,0.22,0.42,5,40,50,5,0,0,0,
2024,10-Jul-24,JM EM JG,Deadman,1,1,glide,32.99,43.14,us,right,17.4,17.4,1.2,1.2,7,7.2,7.2,0.06,0.08,5,40,50,5,0,0,0,
2024,10-Jul-24,JM EM JG,Deadman,1,1,glide,32.99,43.14,us,right,17.4,17.4,1.2,1.2,7,8.2,8.2,0,0,999,999,999,999,999,999,999,
2024,10-Jul-24,JM EM JG,Deadman,1,2,riffle,47.77,30.68,us,right,22.1,22.1,3.6,3.6,11.35,3.6,3.6,0,0,999,999,999,999,999,999,999,
2024,10-Jul-24,JM EM JG,Deadman,1,2,riffle,47.77,30.68,us,right,22.1,22.1,3.6,3.6,11.35,4.2,4.2,0.02,0,15,20,50,15,0,0,0,
2024,10-Jul-24,JM EM JG,Deadman,1,2,riffle,47.77,30.68,us,right,22.1,22.1,3.6,3.6,11.35,5.2,5.2,0.02,0,15,20,50,15,0,0,0,
2024,10-Jul-24,JM EM JG,Deadman,1,2,riffle,47.77,30.68,us,right,22.1,22.1,3.6,3.6,11.35,6.2,6.2,0.04,0,5,20,45,25,5,0,0,
2024,10-Jul-24,JM EM JG,Deadman,1,2,riffle,47.77,30.68,us,right,22.1,22.1,3.6,3.6,11.35,7.2,7.2,0.09,0.34,5,20,45,25,5,0,0,
2024,10-Jul-24,JM EM JG,Deadman,1,2,riffle,47.77,30.68,us,right,22.1,22.1,3.6,3.6,11.35,8.2,8.2,0.12,0.3,0,20,45,25,10,0,0,
2024,10-Jul-24,JM EM JG,Deadman,1,2,riffle,47.77,30.68,us,right,22.1,22.1,3.6,3.6,11.35,9.2,9.2,0.3,0.64,0,20,45,25,10,0,0,
2024,10-Jul-24,JM EM JG,Deadman,1,2,riffle,47.77,30.68,us,right,22.1,22.1,3.6,3.6,11.35,10.2,10.2,0.33,0.7,0,20,45,25,10,0,0,
2024,10-Jul-24,JM EM JG,Deadman,1,2,riffle,47.77,30.68,us,right,22.1,22.1,3.6,3.6,11.35,11.2,11.2,0.35,0.76,0,20,45,25,10,0,0,
2024,10-Jul-24,JM EM JG,Deadman,1,2,riffle,47.77,30.68,us,right,22.1,22.1,3.6,3.6,11.35,12.2,12.2,0.32,0.68,0,20,45,25,10,0,0,
2024,10-Jul-24,JM EM JG,Deadman,1,2,riffle,47.77,30.68,us,right,22.1,22.1,3.6,3.6,11.35,13.2,13.2,0.2,0.59,0,20,45,25,10,0,0,
2024,10-Jul-24,JM EM JG,Deadman,1,2,riffle,47.77,30.68,us,right,22.1,22.1,3.6,3.6,11.35,14.2,14.2,0.08,0.22,0,20,45,25,10,0,0,
2024,10-Jul-24,JM EM JG,Deadman,1,2,riffle,47.77,30.68,us,right,22.1,22.1,3.6,3.6,11.35,14.95,14.95,0,0,999,999,999,999,999,999,999,
2024,10-Jul-24,JM EM JG,Deadman,1,3,glide,29.22,32.59,us,right,16.6,16.6,1.6,1.6,7.6,1.6,1.6,0,0,999,999,999,999,999,999,999,
2024,10-Jul-24,JM EM JG,Deadman,1,3,glide,29.22,32.59,us,right,16.6,16.6,1.6,1.6,7.6,2.2,2.2,0.66,0.04,100,0,0,0,0,0,0,
2024,10-Jul-24,JM EM JG,Deadman,1,3,glide,29.22,32.59,us,right,16.6,16.6,1.6,1.6,7.6,3.2,3.2,0.89,0.19,5,30,40,15,10,0,0,
2024,10-Jul-24,JM EM JG,Deadman,1,3,glide,29.22,32.59,us,right,16.6,16.6,1.6,1.6,7.6,4.2,4.2,0.78,0.56,5,30,40,15,10,0,0,
2024,10-Jul-24,JM EM JG,Deadman,1,3,glide,29.22,32.59,us,right,16.6,16.6,1.6,1.6,7.6,5.2,5.2,0.6,0.41,5,30,40,15,10,0,0,
2024,10-Jul-24,JM EM JG,Deadman,1,3,glide,29.22,32.59,us,right,16.6,16.6,1.6,1.6,7.6,6.2,6.2,0.42,0.42,10,40,40,10,0,0,0,
2024,10-Jul-24,JM EM JG,Deadman,1,3,glide,29.22,32.59,us,right,16.6,16.6,1.6,1.6,7.6,7.2,7.2,0.28,0.08,40,30,30,0,0,0,0,
2024,10-Jul-24,JM EM JG,Deadman,1,3,glide,29.22,32.59,us,right,16.6,16.6,1.6,1.6,7.6,8.2,8.2,0.14,0.09,90,5,5,0,0,0,0,
2024,10-Jul-24,JM EM JG,Deadman,1,3,glide,29.22,32.59,us,right,16.6,16.6,1.6,1.6,7.6,9.2,9.2,0,0,999,999,999,999,999,999,999,
2024,10-Jul-24,JM EM JG,Deadman,1,4,riffle,23.77,37.22,us,right,26.6,26.6,3.9,3.9,13.5,3.9,3.9,0,0,999,999,999,999,999,999,999,
2024,10-Jul-24,JM EM JG,Deadman,1,4,riffle,23.77,37.22,us,right,26.6,26.6,3.9,3.9,13.5,4.2,4.2,0.02,0,30,20,40,10,0,0,0,
2024,10-Jul-24,JM EM JG,Deadman,1,4,riffle,23.77,37.22,us,right,26.6,26.6,3.9,3.9,13.5,5.2,5.2,0.02,0,30,20,40,10,0,0,0,
2024,10-Jul-24,JM EM JG,Deadman,1,4,riffle,23.77,37.22,us,right,26.6,26.6,3.9,3.9,13.5,5.8,5.8,0,0,999,999,999,999,999,999,999,
2024,10-Jul-24,JM EM JG,Deadman,1,4,riffle,23.77,37.22,us,right,26.6,26.6,3.9,3.9,13.5,10,10,0,0,999,999,999,999,999,999,999,
2024,10-Jul-24,JM EM JG,Deadman,1,4,riffle,23.77,37.22,us,right,26.6,26.6,3.9,3.9,13.5,10.2,10.2,0.06,0,0,10,40,40,10,0,0,
2024,10-Jul-24,JM EM JG,Deadman,1,4,riffle,23.77,37.22,us,right,26.6,26.6,3.9,3.9,13.5,11.2,11.2,0.1,0.82,0,10,40,40,10,0,0,
2024,10-Jul-24,JM EM JG,Deadman,1,4,riffle,23.77,37.22,us,right,26.6,26.6,3.9,3.9,13.5,12.2,12.2,0.22,0.67,0,0,20,40,40,0,0,
2024,10-Jul-24,JM EM JG,Deadman,1,4,riffle,23.77,37.22,us,right,26.6,26.6,3.9,3.9,13.5,13.2,13.2,0.2,0.1,0,0,20,40,40,0,0,
2024,10-Jul-24,JM EM JG,Deadman,1,4,riffle,23.77,37.22,us,right,26.6,26.6,3.9,3.9,13.5,14.2,14.2,0.15,0.91,0,0,20,40,40,0,0,
2024,10-Jul-24,JM EM JG,Deadman,1,4,riffle,23.77,37.22,us,right,26.6,26.6,3.9,3.9,13.5,15.2,15.2,0.21,0.4,0,0,20,35,40,5,0,
2024,10-Jul-24,JM EM JG,Deadman,1,4,riffle,23.77,37.22,us,right,26.6,26.6,3.9,3.9,13.5,16.2,16.2,0.22,0.85,0,0,20,40,40,0,0,
2024,10-Jul-24,JM EM JG,Deadman,1,4,riffle,23.77,37.22,us,right,26.6,26.6,3.9,3.9,13.5,17.2,17.2,0.28,0.67,0,0,20,40,40,0,0,
2024,10-Jul-24,JM EM JG,Deadman,1,4,riffle,23.77,37.22,us,right,26.6,26.6,3.9,3.9,13.5,18.2,18.2,0.28,0.68,0,0,20,40,40,0,0,
2024,10-Jul-24,JM EM JG,Deadman,1,4,riffle,23.77,37.22,us,right,26.6,26.6,3.9,3.9,13.5,19.2,19.2,0.2,0.18,0,0,20,40,40,0,0,
2024,10-Jul-24,JM EM JG,Deadman,1,4,riffle,23.77,37.22,us,right,26.6,26.6,3.9,3.9,13.5,20.2,20.2,0.06,0.0005,0,0,20,40,40,0,0,
2024,10-Jul-24,JM EM JG,Deadman,1,4,riffle,23.77,37.22,us,right,26.6,26.6,3.9,3.9,13.5,21.2,21.2,0.02,0,10,0,30,30,30,0,0,
2024,10-Jul-24,JM EM JG,Deadman,1,4,riffle,23.77,37.22,us,right,26.6,26.6,3.9,3.9,13.5,21.6,21.6,0,0,999,999,999,999,999,999,999,"Same habitat unit as transect 6, and 7, and *4"
2024,10-Jul-24,JM EM JG,Deadman,1,5,riffle,133.45,43.78,us,right,16.24,16.24,3.9,3.9,10,3.9,3.9,0,0,999,999,999,999,999,999,999,"Same habitat unit as transect 6, and 7, and *4"
2024,10-Jul-24,JM EM JG,Deadman,1,5,riffle,133.45,43.78,us,right,16.24,16.24,3.9,3.9,10,4.2,4.2,0.02,0,10,20,30,30,10,0,0,"Same habitat unit as transect 6, and 7, and *4"
2024,10-Jul-24,JM EM JG,Deadman,1,5,riffle,133.45,43.78,us,right,16.24,16.24,3.9,3.9,10,5.2,5.2,0.1,0.3,0,20,30,30,20,0,0,"Same habitat unit as transect 6, and 7, and *4"
2024,10-Jul-24,JM EM JG,Deadman,1,5,riffle,133.45,43.78,us,right,16.24,16.24,3.9,3.9,10,6.2,6.2,0.14,0.49,0,20,30,30,20,0,0,"Same habitat unit as transect 6, and 7, and *4"
2024,10-Jul-24,JM EM JG,Deadman,1,5,riffle,133.45,43.78,us,right,16.24,16.24,3.9,3.9,10,7.2,7.2,0.1,0.4,0,20,30,30,20,0,0,"Same habitat unit as transect 6, and 7, and *4"
2024,10-Jul-24,JM EM JG,Deadman,1,5,riffle,133.45,43.78,us,right,16.24,16.24,3.9,3.9,10,8.2,8.2,0.08,0.07,0,20,30,30,20,0,0,"Same habitat unit as transect 6, and 7, and *4"
2024,10-Jul-24,JM EM JG,Deadman,1,5,riffle,133.45,43.78,us,right,16.24,16.24,3.9,3.9,10,9.2,9.2,0.12,0.28,0,20,30,30,20,0,0,"Same habitat unit as transect 6, and 7, and *4"
2024,10-Jul-24,JM EM JG,Deadman,1,5,riffle,133.45,43.78,us,right,16.24,16.24,3.9,3.9,10,10.2,10.2,0.33,0.53,0,20,30,30,20,0,0,"Same habitat unit as transect 6, and 7, and *4"
2024,10-Jul-24,JM EM JG,Deadman,1,5,riffle,133.45,43.78,us,right,16.24,16.24,3.9,3.9,10,11.2,11.2,0.64,0.79,0,20,30,30,20,0,0,"Same habitat unit as transect 6, and 7, and *4"
2024,10-Jul-24,JM EM JG,Deadman,1,5,riffle,133.45,43.78,us,right,16.24,16.24,3.9,3.9,10,12.2,12.2,0.58,0.6,0,0,10,20,20,50,0,"Same habitat unit as transect 6, and 7, and *4"
2024,10-Jul-24,JM EM JG,Deadman,1,5,riffle,133.45,43.78,us,right,16.24,16.24,3.9,3.9,10,13.2,13.2,0.18,0.06,20,0,0,5,5,70,0,"Same habitat unit as transect 6, and 7, and *4"
2024,10-Jul-24,JM EM JG,Deadman,1,5,riffle,133.45,43.78,us,right,16.24,16.24,3.9,3.9,10,13.9,13.9,0,0,999,999,999,999,999,999,999,"Same habitat unit as transect 6, and 7, and *4"
2024,10-Jul-24,JM EM JG,Deadman,1,6,riffle,133.45,40.52,us,right,23.65,23.65,7.6,7.6,13.2,7.6,7.6,0,0,999,999,999,999,999,999,999,"Same habitat unit as transect 5 and 7, and *4"
2024,10-Jul-24,JM EM JG,Deadman,1,6,riffle,133.45,40.52,us,right,23.65,23.65,7.6,7.6,13.2,8.2,8.2,0.24,0.02,50,10,30,10,0,0,0,"Same habitat unit as transect 5 and 7, and *4"
2024,10-Jul-24,JM EM JG,Deadman,1,6,riffle,133.45,40.52,us,right,23.65,23.65,7.6,7.6,13.2,9.2,9.2,0.44,0.24,50,10,30,10,0,0,0,"Same habitat unit as transect 5 and 7, and *4"
2024,10-Jul-24,JM EM JG,Deadman,1,6,riffle,133.45,40.52,us,right,23.65,23.65,7.6,7.6,13.2,10.2,10.2,0.18,0.95,0,10,60,30,0,0,0,"Same habitat unit as transect 5 and 7, and *4"
2024,10-Jul-24,JM EM JG,Deadman,1,6,riffle,133.45,40.52,us,right,23.65,23.65,7.6,7.6,13.2,11.2,11.2,0.18,1.36,0,10,60,30,0,0,0,"Same habitat unit as transect 5 and 7, and *4"
2024,10-Jul-24,JM EM JG,Deadman,1,6,riffle,133.45,40.52,us,right,23.65,23.65,7.6,7.6,13.2,12.2,12.2,0.2,1.34,0,10,60,30,0,0,0,"Same habitat unit as transect 5 and 7, and *4"
2024,10-Jul-24,JM EM JG,Deadman,1,6,riffle,133.45,40.52,us,right,23.65,23.65,7.6,7.6,13.2,13.2,13.2,0.2,0.79,0,10,40,40,10,0,0,"Same habitat unit as transect 5 and 7, and *4"
2024,10-Jul-24,JM EM JG,Deadman,1,6,riffle,133.45,40.52,us,right,23.65,23.65,7.6,7.6,13.2,14.2,14.2,0.18,0.79,0,10,40,40,10,0,0,"Same habitat unit as transect 5 and 7, and *4"
2024,10-Jul-24,JM EM JG,Deadman,1,6,riffle,133.45,40.52,us,right,23.65,23.65,7.6,7.6,13.2,15.2,15.2,0.14,0.72,0,10,40,40,10,0,0,"Same habitat unit as transect 5 and 7, and *4"
2024,10-Jul-24,JM EM JG,Deadman,1,6,riffle,133.45,40.52,us,right,23.65,23.65,7.6,7.6,13.2,16.2,16.2,0.14,0.67,0,10,40,40,10,0,0,"Same habitat unit as transect 5 and 7, and *4"
2024,10-Jul-24,JM EM JG,Deadman,1,6,riffle,133.45,40.52,us,right,23.65,23.65,7.6,7.6,13.2,17.2,17.2,0.14,0.5,0,10,40,40,10,0,0,"Same habitat unit as transect 5 and 7, and *4"
2024,10-Jul-24,JM EM JG,Deadman,1,6,riffle,133.45,40.52,us,right,23.65,23.65,7.6,7.6,13.2,18.2,18.2,0.2,0.52,0,10,40,40,10,0,0,"Same habitat unit as transect 5 and 7, and *4"
2024,10-Jul-24,JM EM JG,Deadman,1,6,riffle,133.45,40.52,us,right,23.65,23.65,7.6,7.6,13.2,19.2,19.2,0.16,0.44,0,10,40,40,10,0,0,"Same habitat unit as transect 5 and 7, and *4"
2024,10-Jul-24,JM EM JG,Deadman,1,6,riffle,133.45,40.52,us,right,23.65,23.65,7.6,7.6,13.2,20.2,20.2,0.14,0.12,0,10,40,40,10,0,0,"Same habitat unit as transect 5 and 7, and *4"
2024,10-Jul-24,JM EM JG,Deadman,1,6,riffle,133.45,40.52,us,right,23.65,23.65,7.6,7.6,13.2,20.8,20.8,0,0,999,999,999,999,999,999,999,"Same habitat unit as transect 5 and 7, and *4"
2024,10-Jul-24,JM EM JG,Deadman,1,7,riffle,133.45,46.73,us,right,30.95,30.95,2.4,2.4,15.31,2.4,2.4,0,0,999,999,999,999,999,999,999,
2024,10-Jul-24,JM EM JG,Deadman,1,7,riffle,133.45,46.73,us,right,30.95,30.95,2.4,2.4,15.31,3.2,3.2,0.09,0.01,5,10,40,40,5,0,0,
2024,10-Jul-24,JM EM JG,Deadman,1,7,riffle,133.45,46.73,us,right,30.95,30.95,2.4,2.4,15.31,4.2,4.2,0.09,0.4,5,10,40,40,5,0,0,
2024,10-Jul-24,JM EM JG,Deadman,1,7,riffle,133.45,46.73,us,right,30.95,30.95,2.4,2.4,15.31,5.2,5.2,0.08,0.01,5,10,40,40,5,0,0,
2024,10-Jul-24,JM EM JG,Deadman,1,7,riffle,133.45,46.73,us,right,30.95,30.95,2.4,2.4,15.31,6.2,6.2,0.06,0.39,0,45,45,10,0,0,0,
2024,10-Jul-24,JM EM JG,Deadman,1,7,riffle,133.45,46.73,us,right,30.95,30.95,2.4,2.4,15.31,7.2,7.2,0.01,0,0,45,45,10,0,0,0,
2024,10-Jul-24,JM EM JG,Deadman,1,7,riffle,133.45,46.73,us,right,30.95,30.95,2.4,2.4,15.31,8.1,8.1,0,0,999,999,999,999,999,999,999,
2024,10-Jul-24,JM EM JG,Deadman,1,7,riffle,133.45,46.73,us,right,30.95,30.95,2.4,2.4,15.31,17.8,17.8,0,0,999,999,999,999,999,999,999,
2024,10-Jul-24,JM EM JG,Deadman,1,7,riffle,133.45,46.73,us,right,30.95,30.95,2.4,2.4,15.31,18.2,18.2,0.02,0,0,10,40,40,10,0,0,
2024,10-Jul-24,JM EM JG,Deadman,1,7,riffle,133.45,46.73,us,right,30.95,30.95,2.4,2.4,15.31,19.2,19.2,0.12,0.81,0,15,40,40,5,0,0,
2024,10-Jul-24,JM EM JG,Deadman,1,7,riffle,133.45,46.73,us,right,30.95,30.95,2.4,2.4,15.31,20.2,20.2,0.18,1.11,0,15,40,40,5,0,0,
2024,10-Jul-24,JM EM JG,Deadman,1,7,riffle,133.45,46.73,us,right,30.95,30.95,2.4,2.4,15.31,21.2,21.2,0.14,0.74,10,20,40,30,0,0,0,
2024,10-Jul-24,JM EM JG,Deadman,1,7,riffle,133.45,46.73,us,right,30.95,30.95,2.4,2.4,15.31,22.2,22.2,0.07,0.96,0,15,40,40,5,0,0,
2024,10-Jul-24,JM EM JG,Deadman,1,7,riffle,133.45,46.73,us,right,30.95,30.95,2.4,2.4,15.31,23.2,23.2,0.11,0.06,0,15,40,40,5,0,0,
2024,10-Jul-24,JM EM JG,Deadman,1,7,riffle,133.45,46.73,us,right,30.95,30.95,2.4,2.4,15.31,24.2,24.2,0.25,0.43,0,15,40,40,5,0,0,
2024,10-Jul-24,JM EM JG,Deadman,1,7,riffle,133.45,46.73,us,right,30.95,30.95,2.4,2.4,15.31,25.2,25.2,0.38,0.59,0,15,40,40,5,0,0,
2024,10-Jul-24,JM EM JG,Deadman,1,7,riffle,133.45,46.73,us,right,30.95,30.95,2.4,2.4,15.31,26.2,26.2,0.6,0.78,0,15,40,40,5,0,0,
2024,10-Jul-24,JM EM JG,Deadman,1,7,riffle,133.45,46.73,us,right,30.95,30.95,2.4,2.4,15.31,27.2,27.2,0.12,0,0,15,40,40,5,0,0,
2024,10-Jul-24,JM EM JG,Deadman,1,7,riffle,133.45,46.73,us,right,30.95,30.95,2.4,2.4,15.31,27.41,27.41,0,0,999,999,999,999,999,999,999,
2024,10-Jul-24,JM EM JG,Deadman,1,8,glide,76.68,30.56,us,right,42.4,42.4,3.15,3.15,21.89,3.15,3.15,0,0,999,999,999,999,999,999,999,
2024,10-Jul-24,JM EM JG,Deadman,1,8,glide,76.68,30.56,us,right,42.4,42.4,3.15,3.15,21.89,3.2,3.2,0.2,0,20,30,5,40,5,0,0,
2024,10-Jul-24,JM EM JG,Deadman,1,8,glide,76.68,30.56,us,right,42.4,42.4,3.15,3.15,21.89,4.2,4.2,0.39,0.15,30,50,10,10,0,0,0,
2024,10-Jul-24,JM EM JG,Deadman,1,8,glide,76.68,30.56,us,right,42.4,42.4,3.15,3.15,21.89,5.2,5.2,0.4,0.21,30,60,10,0,0,0,0,
2024,10-Jul-24,JM EM JG,Deadman,1,8,glide,76.68,30.56,us,right,42.4,42.4,3.15,3.15,21.89,6.2,6.2,0.42,0.22,50,50,0,0,0,0,0,
2024,10-Jul-24,JM EM JG,Deadman,1,8,glide,76.68,30.56,us,right,42.4,42.4,3.15,3.15,21.89,7.2,7.2,0.48,0.27,30,60,10,0,0,0,0,
2024,10-Jul-24,JM EM JG,Deadman,1,8,glide,76.68,30.56,us,right,42.4,42.4,3.15,3.15,21.89,8.2,8.2,0.58,0.3,30,60,10,0,0,0,0,
2024,10-Jul-24,JM EM JG,Deadman,1,8,glide,76.68,30.56,us,right,42.4,42.4,3.15,3.15,21.89,9.2,9.2,0.66,0.3,30,60,10,0,0,0,0,
2024,10-Jul-24,JM EM JG,Deadman,1,8,glide,76.68,30.56,us,right,42.4,42.4,3.15,3.15,21.89,10.2,10.2,0.63,0.24,25,40,30,5,0,0,0,
2024,10-Jul-24,JM EM JG,Deadman,1,8,glide,76.68,30.56,us,right,42.4,42.4,3.15,3.15,21.89,11.2,11.2,0.55,0.01,25,40,30,5,0,0,0,
2024,10-Jul-24,JM EM JG,Deadman,1,8,glide,76.68,30.56,us,right,42.4,42.4,3.15,3.15,21.89,12.2,12.2,0.3,0.08,25,40,30,5,0,0,0,
2024,10-Jul-24,JM EM JG,Deadman,1,8,glide,76.68,30.56,us,right,42.4,42.4,3.15,3.15,21.89,13.04,13.04,0,0,999,999,999,999,999,999,999,
2024,10-Jul-24,JM EM JG,Deadman,1,8,glide,76.68,30.56,us,right,42.4,42.4,3.15,3.15,21.89,28.1,28.1,0,0,999,999,999,999,999,999,999,
2024,10-Jul-24,JM EM JG,Deadman,1,8,glide,76.68,30.56,us,right,42.4,42.4,3.15,3.15,21.89,29.2,29.2,0.02,0.24,15,60,25,0,0,0,0,
2024,10-Jul-24,JM EM JG,Deadman,1,8,glide,76.68,30.56,us,right,42.4,42.4,3.15,3.15,21.89,30.2,30.2,0.07,0.26,15,60,25,0,0,0,0,
2024,10-Jul-24,JM EM JG,Deadman,1,8,glide,76.68,30.56,us,right,42.4,42.4,3.15,3.15,21.89,31.2,31.2,0.06,0,0,60,25,15,0,0,0,
2024,10-Jul-24,JM EM JG,Deadman,1,8,glide,76.68,30.56,us,right,42.4,42.4,3.15,3.15,21.89,32.2,32.2,0.04,0,0,60,25,15,0,0,0,
2024,10-Jul-24,JM EM JG,Deadman,1,8,glide,76.68,30.56,us,right,42.4,42.4,3.15,3.15,21.89,33.2,33.2,0.01,0.1,0,60,25,15,0,0,0,
2024,10-Jul-24,JM EM JG,Deadman,1,8,glide,76.68,30.56,us,right,42.4,42.4,3.15,3.15,21.89,34.2,34.2,0.05,0.11,0,60,25,15,0,0,0,
2024,10-Jul-24,JM EM JG,Deadman,1,8,glide,76.68,30.56,us,right,42.4,42.4,3.15,3.15,21.89,35.2,35.2,0.04,0.04,5,55,25,15,0,0,0,
2024,10-Jul-24,JM EM JG,Deadman,1,8,glide,76.68,30.56,us,right,42.4,42.4,3.15,3.15,21.89,36.2,36.2,0.02,0,20,30,10,40,0,0,0,
2024,10-Jul-24,JM EM JG,Deadman,1,8,glide,76.68,30.56,us,right,42.4,42.4,3.15,3.15,21.89,37.2,37.2,0.01,0,40,30,5,25,0,0,0,
2024,10-Jul-24,JM EM JG,Deadman,1,8,glide,76.68,30.56,us,right,42.4,42.4,3.15,3.15,21.89,38.2,38.2,0.02,0,40,30,5,25,0,0,0,
2024,10-Jul-24,JM EM JG,Deadman,1,8,glide,76.68,30.56,us,right,42.4,42.4,3.15,3.15,21.89,39.2,39.2,0.06,0,40,30,5,25,0,0,0,
2024,10-Jul-24,JM EM JG,Deadman,1,8,glide,76.68,30.56,us,right,42.4,42.4,3.15,3.15,21.89,40.1,40.1,0,0,999,999,999,999,999,999,999,
2024,10-Jul-24,JM EM JG,Deadman,1,9,glide,76.68,30.56,us,right,26.4,26.4,0.65,0.65,12.3,0.65,0.65,0,0,999,999,999,999,999,999,999,
2024,10-Jul-24,JM EM JG,Deadman,1,9,glide,76.68,30.56,us,right,26.4,26.4,0.65,0.65,12.3,1.2,1.2,0.28,0.17,0,10,30,50,10,0,0,
2024,10-Jul-24,JM EM JG,Deadman,1,9,glide,76.68,30.56,us,right,26.4,26.4,0.65,0.65,12.3,2.2,2.2,0.66,0.26,0,10,30,50,10,0,0,
2024,10-Jul-24,JM EM JG,Deadman,1,9,glide,76.68,30.56,us,right,26.4,26.4,0.65,0.65,12.3,3.2,3.2,0.81,0.36,0,10,30,50,10,0,0,
2024,10-Jul-24,JM EM JG,Deadman,1,9,glide,76.68,30.56,us,right,26.4,26.4,0.65,0.65,12.3,4.2,4.2,0.65,0.26,10,10,50,30,0,0,0,
2024,10-Jul-24,JM EM JG,Deadman,1,9,glide,76.68,30.56,us,right,26.4,26.4,0.65,0.65,12.3,5.2,5.2,0.57,0.22,10,10,50,30,0,0,0,
2024,10-Jul-24,JM EM JG,Deadman,1,9,glide,76.68,30.56,us,right,26.4,26.4,0.65,0.65,12.3,6.2,6.2,0.5,0.1,5,10,30,50,5,0,0,
2024,10-Jul-24,JM EM JG,Deadman,1,9,glide,76.68,30.56,us,right,26.4,26.4,0.65,0.65,12.3,7.2,7.2,0.13,0.04,5,10,30,50,5,0,0,
2024,10-Jul-24,JM EM JG,Deadman,1,9,glide,76.68,30.56,us,right,26.4,26.4,0.65,0.65,12.3,7.55,7.55,0,0,999,999,999,999,999,999,999,
2024,10-Jul-24,JM EM JG,Deadman,1,9,glide,76.68,30.56,us,right,26.4,26.4,0.65,0.65,12.3,21,21,0,0,999,999,999,999,999,999,999,
2024,10-Jul-24,JM EM JG,Deadman,1,9,glide,76.68,30.56,us,right,26.4,26.4,0.65,0.65,12.3,21.2,21.2,0.01,0,40,50,10,0,0,0,0,
2024,10-Jul-24,JM EM JG,Deadman,1,9,glide,76.68,30.56,us,right,26.4,26.4,0.65,0.65,12.3,22.2,22.2,0.01,0.06,40,50,10,0,0,0,0,
2024,10-Jul-24,JM EM JG,Deadman,1,9,glide,76.68,30.56,us,right,26.4,26.4,0.65,0.65,12.3,23.2,23.2,0.18,0.11,50,40,5,5,0,0,0,
2024,10-Jul-24,JM EM JG,Deadman,1,9,glide,76.68,30.56,us,right,26.4,26.4,0.65,0.65,12.3,24.2,24.2,0.22,0.09,50,40,5,5,0,0,0,
2024,10-Jul-24,JM EM JG,Deadman,1,9,glide,76.68,30.56,us,right,26.4,26.4,0.65,0.65,12.3,25.2,25.2,0.22,0.06,50,40,5,5,0,0,0,
2024,10-Jul-24,JM EM JG,Deadman,1,9,glide,76.68,30.56,us,right,26.4,26.4,0.65,0.65,12.3,26.2,26.2,0.13,0.02,50,40,5,5,0,0,0,
2024,10-Jul-24,JM EM JG,Deadman,1,9,glide,76.68,30.56,us,right,26.4,26.4,0.65,0.65,12.3,26.4,26.4,0,0,999,999,999,999,999,999,999,
2024,10-Jul-24,JM EM JG,Deadman,1,10,riffle,29.1,22.98,us,right,41.16,41.16,2.4,12.4,25.35,12.4,12.4,0,0,999,999,999,999,999,999,999,
2024,10-Jul-24,JM EM JG,Deadman,1,10,riffle,29.1,22.98,us,right,41.16,41.16,2.4,12.4,25.35,13.2,13.2,0.08,0.1,0,10,30,30,30,0,0,
2024,10-Jul-24,JM EM JG,Deadman,1,10,riffle,29.1,22.98,us,right,41.16,41.16,2.4,12.4,25.35,14.2,14.2,0.16,0.54,0,10,30,30,30,0,0,
2024,10-Jul-24,JM EM JG,Deadman,1,10,riffle,29.1,22.98,us,right,41.16,41.16,2.4,12.4,25.35,15.2,15.2,0.28,0.58,0,10,40,50,0,0,0,
2024,10-Jul-24,JM EM JG,Deadman,1,10,riffle,29.1,22.98,us,right,41.16,41.16,2.4,12.4,25.35,16.2,16.2,0.18,0.44,0,10,30,30,30,0,0,
2024,10-Jul-24,JM EM JG,Deadman,1,10,riffle,29.1,22.98,us,right,41.16,41.16,2.4,12.4,25.35,17.2,17.2,0.14,0.55,0,10,30,30,30,0,0,
2024,10-Jul-24,JM EM JG,Deadman,1,10,riffle,29.1,22.98,us,right,41.16,41.16,2.4,12.4,25.35,18.2,18.2,0.11,0.54,0,10,30,30,30,0,0,
2024,10-Jul-24,JM EM JG,Deadman,1,10,riffle,29.1,22.98,us,right,41.16,41.16,2.4,12.4,25.35,19.2,19.2,0.1,0.34,0,10,30,30,30,0,0,
2024,10-Jul-24,JM EM JG,Deadman,1,10,riffle,29.1,22.98,us,right,41.16,41.16,2.4,12.4,25.35,20.2,20.2,0.09,0.51,0,10,30,30,30,0,0,
2024,10-Jul-24,JM EM JG,Deadman,1,10,riffle,29.1,22.98,us,right,41.16,41.16,2.4,12.4,25.35,21.2,21.2,0.06,0.38,0,10,30,30,30,0,0,
2024,10-Jul-24,JM EM JG,Deadman,1,10,riffle,29.1,22.98,us,right,41.16,41.16,2.4,12.4,25.35,22.2,22.2,0.14,0.32,0,10,30,30,30,0,0,
2024,10-Jul-24,JM EM JG,Deadman,1,10,riffle,29.1,22.98,us,right,41.16,41.16,2.4,12.4,25.35,23.2,23.2,0.16,0.35,0,10,30,30,30,0,0,
2024,10-Jul-24,JM EM JG,Deadman,1,10,riffle,29.1,22.98,us,right,41.16,41.16,2.4,12.4,25.35,24.2,24.2,0.12,0.32,0,10,30,40,20,0,0,
2024,10-Jul-24,JM EM JG,Deadman,1,10,riffle,29.1,22.98,us,right,41.16,41.16,2.4,12.4,25.35,25.2,25.2,0.14,0.56,0,10,30,40,20,0,0,
2024,10-Jul-24,JM EM JG,Deadman,1,10,riffle,29.1,22.98,us,right,41.16,41.16,2.4,12.4,25.35,26.2,26.2,0.16,0.37,0,10,30,40,20,0,0,
2024,10-Jul-24,JM EM JG,Deadman,1,10,riffle,29.1,22.98,us,right,41.16,41.16,2.4,12.4,25.35,27.2,27.2,0.16,0.41,0,10,30,40,20,0,0,
2024,10-Jul-24,JM EM JG,Deadman,1,10,riffle,29.1,22.98,us,right,41.16,41.16,2.4,12.4,25.35,28.2,28.2,0.19,0.55,0,10,30,40,20,0,0,
2024,10-Jul-24,JM EM JG,Deadman,1,10,riffle,29.1,22.98,us,right,41.16,41.16,2.4,12.4,25.35,29.2,29.2,0.16,0.41,0,10,30,40,20,0,0,
2024,10-Jul-24,JM EM JG,Deadman,1,10,riffle,29.1,22.98,us,right,41.16,41.16,2.4,12.4,25.35,30.2,30.2,0.15,0.46,0,10,30,40,20,0,0,
2024,10-Jul-24,JM EM JG,Deadman,1,10,riffle,29.1,22.98,us,right,41.16,41.16,2.4,12.4,25.35,31.2,31.2,0.12,0.16,5,20,30,40,5,0,0,
2024,10-Jul-24,JM EM JG,Deadman,1,10,riffle,29.1,22.98,us,right,41.16,41.16,2.4,12.4,25.35,32.2,32.2,0.03,0.16,5,20,30,40,5,0,0,
2024,10-Jul-24,JM EM JG,Deadman,1,10,riffle,29.1,22.98,us,right,41.16,41.16,2.4,12.4,25.35,33.2,33.2,0.05,0,5,20,30,40,5,0,0,
2024,10-Jul-24,JM EM JG,Deadman,1,10,riffle,29.1,22.98,us,right,41.16,41.16,2.4,12.4,25.35,34.2,34.2,0.01,0,5,20,30,40,5,0,0,
2024,10-Jul-24,JM EM JG,Deadman,1,10,riffle,29.1,22.98,us,right,41.16,41.16,2.4,12.4,25.35,35.2,35.2,0.03,0.05,5,20,30,40,5,0,0,
2024,10-Jul-24,JM EM JG,Deadman,1,10,riffle,29.1,22.98,us,right,41.16,41.16,2.4,12.4,25.35,36.2,36.2,0.02,0,5,20,30,40,5,0,0,
2024,10-Jul-24,JM EM JG,Deadman,1,10,riffle,29.1,22.98,us,right,41.16,41.16,2.4,12.4,25.35,37.2,37.2,0.01,0,0,25,30,40,5,0,0,
2024,10-Jul-24,JM EM JG,Deadman,1,10,riffle,29.1,22.98,us,right,41.16,41.16,2.4,12.4,25.35,37.75,37.75,0,0,999,999,999,999,999,999,999,
2024,10-Jul-24,JM EM JG,Deadman,1,11,glide,69.7,40.1,us,right,32.15,32.15,2.1,2.1,19.9,2.1,2.1,0,0,999,999,999,999,999,999,999,same glide as transect 12
2024,10-Jul-24,JM EM JG,Deadman,1,11,glide,69.7,40.1,us,right,32.15,32.15,2.1,2.1,19.9,2.2,2.2,0.02,0,5,15,20,40,20,0,0,same glide as transect 12
2024,10-Jul-24,JM EM JG,Deadman,1,11,glide,69.7,40.1,us,right,32.15,32.15,2.1,2.1,19.9,3.2,3.2,0.06,0.35,15,10,5,40,30,0,0,same glide as transect 12
2024,10-Jul-24,JM EM JG,Deadman,1,11,glide,69.7,40.1,us,right,32.15,32.15,2.1,2.1,19.9,4.2,4.2,0.08,0.02,15,10,5,30,40,0,0,same glide as transect 12
2024,10-Jul-24,JM EM JG,Deadman,1,11,glide,69.7,40.1,us,right,32.15,32.15,2.1,2.1,19.9,5.2,5.2,0.06,0.11,15,10,5,30,40,0,0,same glide as transect 12
2024,10-Jul-24,JM EM JG,Deadman,1,11,glide,69.7,40.1,us,right,32.15,32.15,2.1,2.1,19.9,6.2,6.2,0.06,0.001,15,10,15,30,30,0,0,same glide as transect 12
2024,10-Jul-24,JM EM JG,Deadman,1,11,glide,69.7,40.1,us,right,32.15,32.15,2.1,2.1,19.9,7.2,7.2,0.01,0,20,10,15,25,30,0,0,same glide as transect 12
2024,10-Jul-24,JM EM JG,Deadman,1,11,glide,69.7,40.1,us,right,32.15,32.15,2.1,2.1,19.9,8.2,8.2,0.1,0.58,20,10,15,25,30,0,0,same glide as transect 12
2024,10-Jul-24,JM EM JG,Deadman,1,11,glide,69.7,40.1,us,right,32.15,32.15,2.1,2.1,19.9,9.2,9.2,0.12,0.001,15,10,20,20,30,5,0,same glide as transect 12
2024,10-Jul-24,JM EM JG,Deadman,1,11,glide,69.7,40.1,us,right,32.15,32.15,2.1,2.1,19.9,10.2,10.2,0.2,0.21,15,10,20,20,30,5,0,same glide as transect 12
2024,10-Jul-24,JM EM JG,Deadman,1,11,glide,69.7,40.1,us,right,32.15,32.15,2.1,2.1,19.9,11.2,11.2,0.24,0.3,10,15,15,30,30,0,0,same glide as transect 12
2024,10-Jul-24,JM EM JG,Deadman,1,11,glide,69.7,40.1,us,right,32.15,32.15,2.1,2.1,19.9,12.2,12.2,0.28,0.41,10,20,35,15,20,0,0,same glide as transect 12
2024,10-Jul-24,JM EM JG,Deadman,1,11,glide,69.7,40.1,us,right,32.15,32.15,2.1,2.1,19.9,13.2,13.2,0.31,0.31,15,20,30,20,15,0,0,same glide as transect 12
2024,10-Jul-24,JM EM JG,Deadman,1,11,glide,69.7,40.1,us,right,32.15,32.15,2.1,2.1,19.9,14.2,14.2,0.33,0.49,10,20,40,20,10,0,0,same glide as transect 12
2024,10-Jul-24,JM EM JG,Deadman,1,11,glide,69.7,40.1,us,right,32.15,32.15,2.1,2.1,19.9,15.2,15.2,0.35,0.54,10,20,30,30,10,0,0,same glide as transect 12
2024,10-Jul-24,JM EM JG,Deadman,1,11,glide,69.7,40.1,us,right,32.15,32.15,2.1,2.1,19.9,16.2,16.2,0.3,0.41,20,30,30,10,10,0,0,same glide as transect 12
2024,10-Jul-24,JM EM JG,Deadman,1,11,glide,69.7,40.1,us,right,32.15,32.15,2.1,2.1,19.9,17.2,17.2,0.22,0.49,15,40,25,15,5,0,0,same glide as transect 12
2024,10-Jul-24,JM EM JG,Deadman,1,11,glide,69.7,40.1,us,right,32.15,32.15,2.1,2.1,19.9,18.2,18.2,0.21,0.39,15,40,25,15,5,0,0,same glide as transect 12
2024,10-Jul-24,JM EM JG,Deadman,1,11,glide,69.7,40.1,us,right,32.15,32.15,2.1,2.1,19.9,19.2,19.2,0.14,0.31,15,35,30,20,0,0,0,same glide as transect 12
2024,10-Jul-24,JM EM JG,Deadman,1,11,glide,69.7,40.1,us,right,32.15,32.15,2.1,2.1,19.9,20.2,20.2,0.14,0.27,15,40,30,15,0,0,0,same glide as transect 12
2024,10-Jul-24,JM EM JG,Deadman,1,11,glide,69.7,40.1,us,right,32.15,32.15,2.1,2.1,19.9,21.2,21.2,0.06,0.11,20,30,30,20,0,0,0,same glide as transect 12
2024,10-Jul-24,JM EM JG,Deadman,1,11,glide,69.7,40.1,us,right,32.15,32.15,2.1,2.1,19.9,22,22,0,0,999,999,999,999,999,999,999,same glide as transect 12
2024,10-Jul-24,JM EM JG,Deadman,1,12,glide,69.7,40.1,ds,right,27.7,27.7,1.8,1.8,11.3,1.8,1.8,0,0,999,999,999,999,999,999,999,same glide as transect 11
2024,10-Jul-24,JM EM JG,Deadman,1,12,glide,69.7,40.1,ds,right,27.7,27.7,1.8,1.8,11.3,2.2,2.2,0.24,0.044,15,5,10,30,35,5,0,
2024,10-Jul-24,JM EM JG,Deadman,1,12,glide,69.7,40.1,ds,right,27.7,27.7,1.8,1.8,11.3,3.2,3.2,0.54,0.3,15,5,10,35,35,0,0,
2024,10-Jul-24,JM EM JG,Deadman,1,12,glide,69.7,40.1,ds,right,27.7,27.7,1.8,1.8,11.3,4.2,4.2,0.56,0.47,25,5,15,30,25,0,0,
2024,10-Jul-24,JM EM JG,Deadman,1,12,glide,69.7,40.1,ds,right,27.7,27.7,1.8,1.8,11.3,5.2,5.2,0.46,0.47,15,20,20,15,15,15,0,
2024,10-Jul-24,JM EM JG,Deadman,1,12,glide,69.7,40.1,ds,right,27.7,27.7,1.8,1.8,11.3,6.2,6.2,0.48,0.46,15,20,20,15,15,15,0,
2024,10-Jul-24,JM EM JG,Deadman,1,12,glide,69.7,40.1,ds,right,27.7,27.7,1.8,1.8,11.3,7.2,7.2,0.4,0.39,20,20,30,15,15,0,0,
2024,10-Jul-24,JM EM JG,Deadman,1,12,glide,69.7,40.1,ds,right,27.7,27.7,1.8,1.8,11.3,8.2,8.2,0.31,0.24,30,30,30,10,0,0,0,
2024,10-Jul-24,JM EM JG,Deadman,1,12,glide,69.7,40.1,ds,right,27.7,27.7,1.8,1.8,11.3,9.2,9.2,0.18,0.13,40,25,25,10,0,0,0,
2024,10-Jul-24,JM EM JG,Deadman,1,12,glide,69.7,40.1,ds,right,27.7,27.7,1.8,1.8,11.3,10.2,10.2,0.08,0.07,60,20,10,10,0,0,0,
2024,10-Jul-24,JM EM JG,Deadman,1,12,glide,69.7,40.1,ds,right,27.7,27.7,1.8,1.8,11.3,11.2,11.2,0.08,0.4,80,10,10,0,0,0,0,
2024,10-Jul-24,JM EM JG,Deadman,1,12,glide,69.7,40.1,ds,right,27.7,27.7,1.8,1.8,11.3,12.2,12.2,0.01,0,60,10,20,10,0,0,0,
2024,10-Jul-24,JM EM JG,Deadman,1,12,glide,69.7,40.1,ds,right,27.7,27.7,1.8,1.8,11.3,13.1,13.1,0,0,999,999,999,999,999,999,999,
2024,11-Jul-24,LS JG EM,Deadman,2,1,glide,25.5,25.43,us,right,29.75,29.95,14.78,14.98,6.36,14.78,14.98,0,0,999,999,999,999,999,999,999,Add 0.2m to distance measurments
2024,11-Jul-24,LS JG EM,Deadman,2,1,glide,25.5,25.43,us,right,29.75,29.95,14.78,14.98,6.36,15,15.2,0.03,0,0,20,80,0,0,0,0,
2024,11-Jul-24,LS JG EM,Deadman,2,1,glide,25.5,25.43,us,right,29.75,29.95,14.78,14.98,6.36,16,16.2,0.26,0.48,0,20,80,0,0,0,0,
2024,11-Jul-24,LS JG EM,Deadman,2,1,glide,25.5,25.43,us,right,29.75,29.95,14.78,14.98,6.36,17,17.2,0.44,0.82,0,20,75,5,0,0,0,
2024,11-Jul-24,LS JG EM,Deadman,2,1,glide,25.5,25.43,us,right,29.75,29.95,14.78,14.98,6.36,18,18.2,0.44,0.1,5,15,75,5,0,0,0,
2024,11-Jul-24,LS JG EM,Deadman,2,1,glide,25.5,25.43,us,right,29.75,29.95,14.78,14.98,6.36,19,19.2,0.3,0.22,5,75,15,5,0,0,0,
2024,11-Jul-24,LS JG EM,Deadman,2,1,glide,25.5,25.43,us,right,29.75,29.95,14.78,14.98,6.36,20,20.2,0.29,0.36,0,20,80,0,0,0,0,
2024,11-Jul-24,LS JG EM,Deadman,2,1,glide,25.5,25.43,us,right,29.75,29.95,14.78,14.98,6.36,21,21.2,0.2,0,10,10,80,0,0,0,0,
2024,11-Jul-24,LS JG EM,Deadman,2,1,glide,25.5,25.43,us,right,29.75,29.95,14.78,14.98,6.36,21.14,21.34,0,0,999,999,999,999,999,999,999,
2024,16-Jul-24,LS JG EM,Deadman,2,2,pool,39.55,19.6,us,right,39.55,39.75,0.25,0.45,14.65,0.25,0.45,0.29,0,999,999,999,999,999,999,999,Add 0.2m to distance measurments
2024,16-Jul-24,LS JG EM,Deadman,2,2,pool,39.55,19.6,us,right,39.55,39.75,0.25,0.45,14.65,1,1.2,0.5,0.013,100,0,0,0,0,0,0,
2024,16-Jul-24,LS JG EM,Deadman,2,2,pool,39.55,19.6,us,right,39.55,39.75,0.25,0.45,14.65,2,2.2,0.74,0.027,90,10,0,0,0,0,0,
2024,16-Jul-24,LS JG EM,Deadman,2,2,pool,39.55,19.6,us,right,39.55,39.75,0.25,0.45,14.65,3,3.2,0.5,0.02,90,10,0,0,0,0,0,
2024,16-Jul-24,LS JG EM,Deadman,2,2,pool,39.55,19.6,us,right,39.55,39.75,0.25,0.45,14.65,4,4.2,0.58,0.18,100,0,0,0,0,0,0,
2024,16-Jul-24,LS JG EM,Deadman,2,2,pool,39.55,19.6,us,right,39.55,39.75,0.25,0.45,14.65,5,5.2,0.78,0.11,100,0,0,0,0,0,0,
2024,16-Jul-24,LS JG EM,Deadman,2,2,pool,39.55,19.6,us,right,39.55,39.75,0.25,0.45,14.65,6,6.2,1.11,0.09,100,0,0,0,0,0,0,
2024,16-Jul-24,LS JG EM,Deadman,2,2,pool,39.55,19.6,us,right,39.55,39.75,0.25,0.45,14.65,7,7.2,1.56,0.04,100,0,0,0,0,0,0,
2024,16-Jul-24,LS JG EM,Deadman,2,2,pool,39.55,19.6,us,right,39.55,39.75,0.25,0.45,14.65,8,8.2,2.01,0.04,100,0,0,0,0,0,0,
2024,16-Jul-24,LS JG EM,Deadman,2,2,pool,39.55,19.6,us,right,39.55,39.75,0.25,0.45,14.65,9,9.2,1.8,0.17,100,0,0,0,0,0,0,
2024,16-Jul-24,LS JG EM,Deadman,2,2,pool,39.55,19.6,us,right,39.55,39.75,0.25,0.45,14.65,10,10.2,1.6,0.33,100,0,0,0,0,0,0,
2024,16-Jul-24,LS JG EM,Deadman,2,2,pool,39.55,19.6,us,right,39.55,39.75,0.25,0.45,14.65,11,11.2,1.34,0.28,100,0,0,0,0,0,0,
2024,16-Jul-24,LS JG EM,Deadman,2,2,pool,39.55,19.6,us,right,39.55,39.75,0.25,0.45,14.65,12,12.2,1.18,0.11,100,0,0,0,0,0,0,
2024,16-Jul-24,LS JG EM,Deadman,2,2,pool,39.55,19.6,us,right,39.55,39.75,0.25,0.45,14.65,13,13.2,0.7,0.02,100,0,0,0,0,0,0,
2024,16-Jul-24,LS JG EM,Deadman,2,2,pool,39.55,19.6,us,right,39.55,39.75,0.25,0.45,14.65,14,14.2,0.26,0.08,100,0,0,0,0,0,0,
2024,16-Jul-24,LS JG EM,Deadman,2,2,pool,39.55,19.6,us,right,39.55,39.75,0.25,0.45,14.65,14.9,15.1,0,0,999,999,999,999,999,999,999,
2024,11-Jul-24,LS JG EM,Deadman,2,3,glide,20.2,18.38,us,right,19.65,19.85,1.16,1.36,6.88,1.16,1.36,0,0,999,999,999,999,999,999,999,Add 0.2m to distance measurments
2024,11-Jul-24,LS JG EM,Deadman,2,3,glide,20.2,18.38,us,right,19.65,19.85,1.16,1.36,6.88,2,2.2,0.28,0.5,100,0,0,0,0,0,0,
2024,11-Jul-24,LS JG EM,Deadman,2,3,glide,20.2,18.38,us,right,19.65,19.85,1.16,1.36,6.88,3,3.2,0.36,0.51,100,0,0,0,0,0,0,
2024,11-Jul-24,LS JG EM,Deadman,2,3,glide,20.2,18.38,us,right,19.65,19.85,1.16,1.36,6.88,4,4.2,0.3,0.16,100,0,0,0,0,0,0,
2024,11-Jul-24,LS JG EM,Deadman,2,3,glide,20.2,18.38,us,right,19.65,19.85,1.16,1.36,6.88,5,5.2,0.28,0.37,100,0,0,0,0,0,0,
2024,11-Jul-24,LS JG EM,Deadman,2,3,glide,20.2,18.38,us,right,19.65,19.85,1.16,1.36,6.88,6,6.2,0.38,0.44,50,50,0,0,0,0,0,
2024,11-Jul-24,LS JG EM,Deadman,2,3,glide,20.2,18.38,us,right,19.65,19.85,1.16,1.36,6.88,7,7.2,0.17,0.4,20,30,50,0,0,0,0,
2024,11-Jul-24,LS JG EM,Deadman,2,3,glide,20.2,18.38,us,right,19.65,19.85,1.16,1.36,6.88,8,8.2,0.01,0,20,30,50,0,0,0,0,
2024,11-Jul-24,LS JG EM,Deadman,2,3,glide,20.2,18.38,us,right,19.65,19.85,1.16,1.36,6.88,8.04,8.24,0,0,999,999,999,999,999,999,999,
2024,11-Jul-24,LS JG EM,Deadman,2,4,riffle,55.05,27.38,us,right,28.25,28.45,2.09,2.29,19.04,2.09,2.29,0.12,0,100,0,0,0,0,0,0,Add 0.2m to distance measurments (.5 riffle .5 pool sitch)
2024,11-Jul-24,LS JG EM,Deadman,2,4,riffle,55.05,27.38,us,right,28.25,28.45,2.09,2.29,19.04,3,3.2,0.28,0.007,100,0,0,0,0,0,0,
2024,11-Jul-24,LS JG EM,Deadman,2,4,riffle,55.05,27.38,us,right,28.25,28.45,2.09,2.29,19.04,4,4.2,0.3,0.02,100,0,0,0,0,0,0,
2024,11-Jul-24,LS JG EM,Deadman,2,4,riffle,55.05,27.38,us,right,28.25,28.45,2.09,2.29,19.04,5,5.2,0.24,0.02,80,20,0,0,0,0,0,
2024,11-Jul-24,LS JG EM,Deadman,2,4,riffle,55.05,27.38,us,right,28.25,28.45,2.09,2.29,19.04,6,6.2,0.08,0,80,20,0,0,0,0,0,
2024,11-Jul-24,LS JG EM,Deadman,2,4,riffle,55.05,27.38,us,right,28.25,28.45,2.09,2.29,19.04,7,7.2,0.1,0.37,70,30,0,0,0,0,0,
2024,11-Jul-24,LS JG EM,Deadman,2,4,riffle,55.05,27.38,us,right,28.25,28.45,2.09,2.29,19.04,8,8.2,0.4,0.001,70,30,0,0,0,0,0,
2024,11-Jul-24,LS JG EM,Deadman,2,4,riffle,55.05,27.38,us,right,28.25,28.45,2.09,2.29,19.04,9,9.2,0.62,0.29,70,30,0,0,0,0,0,
2024,11-Jul-24,LS JG EM,Deadman,2,4,riffle,55.05,27.38,us,right,28.25,28.45,2.09,2.29,19.04,10,10-Jan,0.78,0.03,70,30,0,0,0,0,0,
2024,11-Jul-24,LS JG EM,Deadman,2,4,riffle,55.05,27.38,us,right,28.25,28.45,2.09,2.29,19.04,11,11.2,0.94,0.03,70,30,0,0,0,0,0,
2024,11-Jul-24,LS JG EM,Deadman,2,4,riffle,55.05,27.38,us,right,28.25,28.45,2.09,2.29,19.04,12,12.2,0.98,0.04,70,30,0,0,0,0,0,
2024,11-Jul-24,LS JG EM,Deadman,2,4,riffle,55.05,27.38,us,right,28.25,28.45,2.09,2.29,19.04,13,13.2,0.93,0.12,70,30,0,0,0,0,0,
2024,11-Jul-24,LS JG EM,Deadman,2,4,riffle,55.05,27.38,us,right,28.25,28.45,2.09,2.29,19.04,14,14.2,0.93,0.23,70,30,0,0,0,0,0,
2024,11-Jul-24,LS JG EM,Deadman,2,4,riffle,55.05,27.38,us,right,28.25,28.45,2.09,2.29,19.04,15,15.2,0.85,0.38,70,30,0,0,0,0,0,
2024,11-Jul-24,LS JG EM,Deadman,2,4,riffle,55.05,27.38,us,right,28.25,28.45,2.09,2.29,19.04,16,16.2,0.68,0.49,70,30,0,0,0,0,0,
2024,11-Jul-24,LS JG EM,Deadman,2,4,riffle,55.05,27.38,us,right,28.25,28.45,2.09,2.29,19.04,17,17.2,0.46,0.38,30,20,50,0,0,0,0,
2024,11-Jul-24,LS JG EM,Deadman,2,4,riffle,55.05,27.38,us,right,28.25,28.45,2.09,2.29,19.04,18,18.2,0.24,0.13,30,20,50,0,0,0,0,
2024,11-Jul-24,LS JG EM,Deadman,2,4,riffle,55.05,27.38,us,right,28.25,28.45,2.09,2.29,19.04,19,19.2,0.12,0.03,30,20,50,0,0,0,0,
2024,11-Jul-24,LS JG EM,Deadman,2,4,riffle,55.05,27.38,us,right,28.25,28.45,2.09,2.29,19.04,20,20.2,0.04,0.02,30,20,50,0,0,0,0,
2024,11-Jul-24,LS JG EM,Deadman,2,4,riffle,55.05,27.38,us,right,28.25,28.45,2.09,2.29,19.04,21,21.2,0.01,0,30,20,50,0,0,0,0,
2024,11-Jul-24,LS JG EM,Deadman,2,4,riffle,55.05,27.38,us,right,28.25,28.45,2.09,2.29,19.04,21.13,21.33,0,0,999,999,999,999,999,999,999,
2024,11-Jul-24,LS JG EM,Deadman,2,5,riffle,55.05,46.17,us,right,20.55,20.75,11.4,11.6,7.12,11.4,11.6,0,0,999,999,999,999,999,999,999,Add 0.2m to distance measurments
2024,11-Jul-24,LS JG EM,Deadman,2,5,riffle,55.05,46.17,us,right,20.55,20.75,11.4,11.6,7.12,12,12.2,0.02,0,20,20,60,0,0,0,0,
2024,11-Jul-24,LS JG EM,Deadman,2,5,riffle,55.05,46.17,us,right,20.55,20.75,11.4,11.6,7.12,13,13.2,0.06,0.11,20,20,60,0,0,0,0,
2024,11-Jul-24,LS JG EM,Deadman,2,5,riffle,55.05,46.17,us,right,20.55,20.75,11.4,11.6,7.12,14,14.2,0.13,0.38,10,30,60,0,0,0,0,
2024,11-Jul-24,LS JG EM,Deadman,2,5,riffle,55.05,46.17,us,right,20.55,20.75,11.4,11.6,7.12,15,15.2,0.38,0.61,10,30,60,0,0,0,0,
2024,11-Jul-24,LS JG EM,Deadman,2,5,riffle,55.05,46.17,us,right,20.55,20.75,11.4,11.6,7.12,16,16.2,0.36,0.67,10,30,60,0,0,0,0,
2024,11-Jul-24,LS JG EM,Deadman,2,5,riffle,55.05,46.17,us,right,20.55,20.75,11.4,11.6,7.12,17,17.2,0.6,0.57,10,30,60,0,0,0,0,
2024,11-Jul-24,LS JG EM,Deadman,2,5,riffle,55.05,46.17,us,right,20.55,20.75,11.4,11.6,7.12,18,18.2,0.44,0.001,30,30,40,0,0,0,0,
2024,11-Jul-24,LS JG EM,Deadman,2,5,riffle,55.05,46.17,us,right,20.55,20.75,11.4,11.6,7.12,18.52,18.72,0.12,0,30,30,40,0,0,0,0,
2024,11-Jul-24,LS JG EM,Deadman,2,6,glide,157.73,25.68,us,right,18.85,19.05,0.41,0.61,11.9,0.4,0.61,0.21,0.003,90,5,5,0,0,0,0,"Add 0.2m to distance measurments, same glide as transect 7-9"
2024,11-Jul-24,LS JG EM,Deadman,2,6,glide,157.73,25.68,us,right,18.85,19.05,0.41,0.61,11.9,1,1.2,0.32,0.18,100,0,0,0,0,0,0,
2024,11-Jul-24,LS JG EM,Deadman,2,6,glide,157.73,25.68,us,right,18.85,19.05,0.41,0.61,11.9,2,2.2,0.38,0.29,100,0,0,0,0,0,0,
2024,11-Jul-24,LS JG EM,Deadman,2,6,glide,157.73,25.68,us,right,18.85,19.05,0.41,0.61,11.9,3,3.2,0.61,0.34,40,30,30,0,0,0,0,
2024,11-Jul-24,LS JG EM,Deadman,2,6,glide,157.73,25.68,us,right,18.85,19.05,0.41,0.61,11.9,4,4.2,0.63,0.35,40,30,30,0,0,0,0,
2024,11-Jul-24,LS JG EM,Deadman,2,6,glide,157.73,25.68,us,right,18.85,19.05,0.41,0.61,11.9,5,5.2,0.48,0.29,40,30,30,0,0,0,0,
2024,11-Jul-24,LS JG EM,Deadman,2,6,glide,157.73,25.68,us,right,18.85,19.05,0.41,0.61,11.9,6,6.2,0.28,0.31,40,30,30,0,0,0,0,
2024,11-Jul-24,LS JG EM,Deadman,2,6,glide,157.73,25.68,us,right,18.85,19.05,0.41,0.61,11.9,7,7.2,0.22,0.27,40,30,30,0,0,0,0,
2024,11-Jul-24,LS JG EM,Deadman,2,6,glide,157.73,25.68,us,right,18.85,19.05,0.41,0.61,11.9,8,8.2,0.17,0.24,40,30,30,0,0,0,0,
2024,11-Jul-24,LS JG EM,Deadman,2,6,glide,157.73,25.68,us,right,18.85,19.05,0.41,0.61,11.9,9,9.2,0.13,0.2,80,20,0,0,0,0,0,
2024,11-Jul-24,LS JG EM,Deadman,2,6,glide,157.73,25.68,us,right,18.85,19.05,0.41,0.61,11.9,10,10.2,0.09,0.13,95,5,0,0,0,0,0,
2024,11-Jul-24,LS JG EM,Deadman,2,6,glide,157.73,25.68,us,right,18.85,19.05,0.41,0.61,11.9,11,11.2,0.08,0.06,95,5,0,0,0,0,0,
2024,11-Jul-24,LS JG EM,Deadman,2,6,glide,157.73,25.68,us,right,18.85,19.05,0.41,0.61,11.9,12,12.2,0.05,0.01,95,5,0,0,0,0,0,
2024,11-Jul-24,LS JG EM,Deadman,2,6,glide,157.73,25.68,us,right,18.85,19.05,0.41,0.61,11.9,12.3,12.5,0,0,999,999,999,999,999,999,999,
2024,11-Jul-24,LS JG EM,Deadman,2,7,glide,157.73,42.04,us,right,21.66,21.86,0,1.52,14.92,1.32,1.52,0.23,0,100,0,0,0,0,0,0,"Add 0.2m to distance measurments, same glide as transect 6,8,9"
2024,11-Jul-24,LS JG EM,Deadman,2,7,glide,157.73,42.04,us,right,21.66,21.86,0,1.52,14.92,2,2.2,0.89,0.003,100,0,0,0,0,0,0,
2024,11-Jul-24,LS JG EM,Deadman,2,7,glide,157.73,42.04,us,right,21.66,21.86,0,1.52,14.92,3,3.2,0.95,0.28,50,25,25,0,0,0,0,
2024,11-Jul-24,LS JG EM,Deadman,2,7,glide,157.73,42.04,us,right,21.66,21.86,0,1.52,14.92,4,4.2,0.84,0.32,50,25,25,0,0,0,0,
2024,11-Jul-24,LS JG EM,Deadman,2,7,glide,157.73,42.04,us,right,21.66,21.86,0,1.52,14.92,5,5.2,0.54,0.34,20,40,40,0,0,0,0,
2024,11-Jul-24,LS JG EM,Deadman,2,7,glide,157.73,42.04,us,right,21.66,21.86,0,1.52,14.92,6,6.2,0.34,0.39,20,40,40,0,0,0,0,
2024,11-Jul-24,LS JG EM,Deadman,2,7,glide,157.73,42.04,us,right,21.66,21.86,0,1.52,14.92,7,7.2,0.22,0.34,20,40,40,0,0,0,0,
2024,11-Jul-24,LS JG EM,Deadman,2,7,glide,157.73,42.04,us,right,21.66,21.86,0,1.52,14.92,8,8.2,0.12,0.24,20,40,40,0,0,0,0,
2024,11-Jul-24,LS JG EM,Deadman,2,7,glide,157.73,42.04,us,right,21.66,21.86,0,1.52,14.92,8.9,9.1,0,0,999,999,999,999,999,999,999,
2024,11-Jul-24,LS JG EM,Deadman,2,7,glide,157.73,42.04,us,right,21.66,21.86,0,1.52,14.92,9.75,9.95,0,0,999,999,999,999,999,999,999,
2024,11-Jul-24,LS JG EM,Deadman,2,7,glide,157.73,42.04,us,right,21.66,21.86,0,1.52,14.92,10,10.2,0.11,0.17,30,30,40,0,0,0,0,
2024,11-Jul-24,LS JG EM,Deadman,2,7,glide,157.73,42.04,us,right,21.66,21.86,0,1.52,14.92,11,11.2,0.32,0.002,30,30,40,0,0,0,0,
2024,11-Jul-24,LS JG EM,Deadman,2,7,glide,157.73,42.04,us,right,21.66,21.86,0,1.52,14.92,12,12.2,0.28,0.09,30,30,40,0,0,0,0,
2024,11-Jul-24,LS JG EM,Deadman,2,7,glide,157.73,42.04,us,right,21.66,21.86,0,1.52,14.92,13,13.2,0.24,0.08,100,0,0,0,0,0,0,
2024,11-Jul-24,LS JG EM,Deadman,2,7,glide,157.73,42.04,us,right,21.66,21.86,0,1.52,14.92,14,14.2,0.16,0.02,100,0,0,0,0,0,0,
2024,11-Jul-24,LS JG EM,Deadman,2,7,glide,157.73,42.04,us,right,21.66,21.86,0,1.52,14.92,14.92,15.12,0,0,999,999,999,999,999,999,999,
2024,11-Jul-24,LS JG EM,Deadman,2,7,glide,157.73,42.04,us,right,21.66,21.86,0,1.52,14.92,16.33,16.53,0,0,999,999,999,999,999,999,999,
2024,11-Jul-24,LS JG EM,Deadman,2,7,glide,157.73,42.04,us,right,21.66,21.86,0,1.52,14.92,17,17.2,0.18,0.05,100,0,0,0,0,0,0,
2024,11-Jul-24,LS JG EM,Deadman,2,7,glide,157.73,42.04,us,right,21.66,21.86,0,1.52,14.92,18,18.2,0.3,0.25,100,0,0,0,0,0,0,
2024,11-Jul-24,LS JG EM,Deadman,2,7,glide,157.73,42.04,us,right,21.66,21.86,0,1.52,14.92,19,19.2,0.32,0.008,100,0,0,0,0,0,0,
2024,11-Jul-24,LS JG EM,Deadman,2,7,glide,157.73,42.04,us,right,21.66,21.86,0,1.52,14.92,19.4,19.6,0.16,0,100,0,0,0,0,0,0,
2024,11-Jul-24,LS JG EM,Deadman,2,8,glide,157.73,36.52,us,right,0,21.55,9.02,9.22,10.99,9.02,9.22,0,0,999,999,999,999,999,999,999,"Add 0.2m to distance measurments, same glide as transect 6,7,9"
2024,11-Jul-24,LS JG EM,Deadman,2,8,glide,157.73,36.52,us,right,0,21.55,9.02,9.22,10.99,10,10.2,0.12,0.24,40,30,30,0,0,0,0,
2024,11-Jul-24,LS JG EM,Deadman,2,8,glide,157.73,36.52,us,right,0,21.55,9.02,9.22,10.99,11,11.2,0.28,0.36,40,30,30,0,0,0,0,
2024,11-Jul-24,LS JG EM,Deadman,2,8,glide,157.73,36.52,us,right,0,21.55,9.02,9.22,10.99,12,12.2,0.57,0.35,40,30,30,0,0,0,0,
2024,11-Jul-24,LS JG EM,Deadman,2,8,glide,157.73,36.52,us,right,0,21.55,9.02,9.22,10.99,13,13.2,0.63,0.26,30,30,40,0,0,0,0,
2024,11-Jul-24,LS JG EM,Deadman,2,8,glide,157.73,36.52,us,right,0,21.55,9.02,9.22,10.99,14,14.2,0.67,0.31,60,30,10,0,0,0,0,
2024,11-Jul-24,LS JG EM,Deadman,2,8,glide,157.73,36.52,us,right,0,21.55,9.02,9.22,10.99,15,15.2,0.69,0.2,100,0,0,0,0,0,0,
2024,11-Jul-24,LS JG EM,Deadman,2,8,glide,157.73,36.52,us,right,0,21.55,9.02,9.22,10.99,16,16.2,0.31,0.02,100,0,0,0,0,0,0,
2024,11-Jul-24,LS JG EM,Deadman,2,8,glide,157.73,36.52,us,right,0,21.55,9.02,9.22,10.99,17,17.2,0.58,0.21,60,20,20,0,0,0,0,
2024,11-Jul-24,LS JG EM,Deadman,2,8,glide,157.73,36.52,us,right,0,21.55,9.02,9.22,10.99,18,18.2,0.61,0.11,100,0,0,0,0,0,0,
2024,11-Jul-24,LS JG EM,Deadman,2,8,glide,157.73,36.52,us,right,0,21.55,9.02,9.22,10.99,19,19.2,0.22,0,100,0,0,0,0,0,0,
2024,11-Jul-24,LS JG EM,Deadman,2,8,glide,157.73,36.52,us,right,0,21.55,9.02,9.22,10.99,20.01,20.21,0,0,999,999,999,999,999,999,999,
2024,11-Jul-24,LS JG EM,Deadman,2,9,glide,157.73,50.97,us,right,23.89,24.09,13.1,13.3,6.9,13.1,13.3,0,0,999,999,999,999,999,999,999,"Add 0.2m to distance measurments, same glide as transect 6,7,8"
2024,11-Jul-24,LS JG EM,Deadman,2,9,glide,157.73,50.97,us,right,23.89,24.09,13.1,13.3,6.9,14,14.2,0.12,0.11,50,30,20,0,0,0,0,
2024,11-Jul-24,LS JG EM,Deadman,2,9,glide,157.73,50.97,us,right,23.89,24.09,13.1,13.3,6.9,15,15.2,0.22,0.4,20,50,30,0,0,0,0,
2024,11-Jul-24,LS JG EM,Deadman,2,9,glide,157.73,50.97,us,right,23.89,24.09,13.1,13.3,6.9,16,16.2,0.35,0.5,25,50,25,0,0,0,0,
2024,11-Jul-24,LS JG EM,Deadman,2,9,glide,157.73,50.97,us,right,23.89,24.09,13.1,13.3,6.9,17,17.2,0.58,0.34,90,10,0,0,0,0,0,
2024,11-Jul-24,LS JG EM,Deadman,2,9,glide,157.73,50.97,us,right,23.89,24.09,13.1,13.3,6.9,18,18.2,0.88,0.38,90,10,0,0,0,0,0,
2024,11-Jul-24,LS JG EM,Deadman,2,9,glide,157.73,50.97,us,right,23.89,24.09,13.1,13.3,6.9,19,19.2,0.81,0.22,30,50,20,0,0,0,0,
2024,11-Jul-24,LS JG EM,Deadman,2,9,glide,157.73,50.97,us,right,23.89,24.09,13.1,13.3,6.9,20,20.2,0.1,0,100,0,0,0,0,0,0,
2024,11-Jul-24,LS JG EM,Deadman,2,10,riffle,28.63,32.71,us,right,14.4,14.6,1.74,1.94,6.56,1.74,1.94,0,0,999,999,999,999,999,999,999,Add .2m to distance measurments
2024,11-Jul-24,LS JG EM,Deadman,2,10,riffle,28.63,32.71,us,right,14.4,14.6,1.74,1.94,6.56,2,2.2,0.13,0.05,100,0,0,0,0,0,0,
2024,11-Jul-24,LS JG EM,Deadman,2,10,riffle,28.63,32.71,us,right,14.4,14.6,1.74,1.94,6.56,3,3.2,0.61,0.75,0,50,50,0,0,0,0,
2024,11-Jul-24,LS JG EM,Deadman,2,10,riffle,28.63,32.71,us,right,14.4,14.6,1.74,1.94,6.56,4,4.2,0.4,0.79,0,50,50,0,0,0,0,
2024,11-Jul-24,LS JG EM,Deadman,2,10,riffle,28.63,32.71,us,right,14.4,14.6,1.74,1.94,6.56,5,5.2,0.35,0.82,0,50,50,0,0,0,0,
2024,11-Jul-24,LS JG EM,Deadman,2,10,riffle,28.63,32.71,us,right,14.4,14.6,1.74,1.94,6.56,6,6.2,0.34,0.63,10,40,50,0,0,0,0,
2024,11-Jul-24,LS JG EM,Deadman,2,10,riffle,28.63,32.71,us,right,14.4,14.6,1.74,1.94,6.56,7,7.2,0.15,0.26,10,40,50,0,0,0,0,
2024,11-Jul-24,LS JG EM,Deadman,2,10,riffle,28.63,32.71,us,right,14.4,14.6,1.74,1.94,6.56,8,8.2,0.02,0.0001,30,30,40,0,0,0,0,
2024,11-Jul-24,LS JG EM,Deadman,2,10,riffle,28.63,32.71,us,right,14.4,14.6,1.74,1.94,6.56,8.3,8.5,0,0,999,999,999,999,999,999,999,
2024,11-Jul-24,LS JG EM,Deadman,2,11,glide,141.09,46.27,us,right,14.85,15.05,1.05,1.25,12.25,1.05,1.25,0,0,999,999,999,999,999,999,999,Add .2m to distance measurments/same glide as transects 12-14
2024,11-Jul-24,LS JG EM,Deadman,2,11,glide,141.09,46.27,us,right,14.85,15.05,1.05,1.25,12.25,2,2.2,0.57,0.18,100,0,0,0,0,0,0,
2024,11-Jul-24,LS JG EM,Deadman,2,11,glide,141.09,46.27,us,right,14.85,15.05,1.05,1.25,12.25,3,3.2,0.5,0.25,90,10,0,0,0,0,0,
2024,11-Jul-24,LS JG EM,Deadman,2,11,glide,141.09,46.27,us,right,14.85,15.05,1.05,1.25,12.25,4,4.2,0.48,0.34,90,10,0,0,0,0,0,
2024,11-Jul-24,LS JG EM,Deadman,2,11,glide,141.09,46.27,us,right,14.85,15.05,1.05,1.25,12.25,5,5.2,0.52,0.23,90,10,0,0,0,0,0,
2024,11-Jul-24,LS JG EM,Deadman,2,11,glide,141.09,46.27,us,right,14.85,15.05,1.05,1.25,12.25,6,6.2,0.58,0.17,100,0,0,0,0,0,0,
2024,11-Jul-24,LS JG EM,Deadman,2,11,glide,141.09,46.27,us,right,14.85,15.05,1.05,1.25,12.25,7,7.2,0.5,0.17,90,10,0,0,0,0,0,
2024,11-Jul-24,LS JG EM,Deadman,2,11,glide,141.09,46.27,us,right,14.85,15.05,1.05,1.25,12.25,8,8.2,0.38,0.14,80,10,10,0,0,0,0,
2024,11-Jul-24,LS JG EM,Deadman,2,11,glide,141.09,46.27,us,right,14.85,15.05,1.05,1.25,12.25,9,9.2,0.38,0.17,80,10,10,0,0,0,0,
2024,11-Jul-24,LS JG EM,Deadman,2,11,glide,141.09,46.27,us,right,14.85,15.05,1.05,1.25,12.25,10,10.2,0.34,0.19,90,10,0,0,0,0,0,
2024,11-Jul-24,LS JG EM,Deadman,2,11,glide,141.09,46.27,us,right,14.85,15.05,1.05,1.25,12.25,11,11.2,0.45,0.09,100,0,0,0,0,0,0,
2024,11-Jul-24,LS JG EM,Deadman,2,11,glide,141.09,46.27,us,right,14.85,15.05,1.05,1.25,12.25,12,12.2,0.28,0.04,100,0,0,0,0,0,0,
2024,11-Jul-24,LS JG EM,Deadman,2,11,glide,141.09,46.27,us,right,14.85,15.05,1.05,1.25,12.25,13,13.2,0.12,0,90,0,10,0,0,0,0,
2024,11-Jul-24,LS JG EM,Deadman,2,11,glide,141.09,46.27,us,right,14.85,15.05,1.05,1.25,12.25,13.3,13.5,0,0,999,999,999,999,999,999,999,
2024,11-Jul-24,LS JG EM,Deadman,2,12,glide,141.09,30.78,us,right,14.25,14.45,4.45,4.65,8.75,4.45,4.65,0,0,999,999,999,999,999,999,999,"Add .2m to distance measurments/same glide as transects 11,13,14"
2024,11-Jul-24,LS JG EM,Deadman,2,12,glide,141.09,30.78,us,right,14.25,14.45,4.45,4.65,8.75,5,5.2,0.02,0,20,40,40,0,0,0,0,
2024,11-Jul-24,LS JG EM,Deadman,2,12,glide,141.09,30.78,us,right,14.25,14.45,4.45,4.65,8.75,6,6.2,0.16,0.43,0,50,50,0,0,0,0,
2024,11-Jul-24,LS JG EM,Deadman,2,12,glide,141.09,30.78,us,right,14.25,14.45,4.45,4.65,8.75,7,7.2,0.22,0.5,0,50,40,10,0,0,0,
2024,11-Jul-24,LS JG EM,Deadman,2,12,glide,141.09,30.78,us,right,14.25,14.45,4.45,4.65,8.75,8,8.2,0.4,0.49,0,5,20,50,20,5,0,
2024,11-Jul-24,LS JG EM,Deadman,2,12,glide,141.09,30.78,us,right,14.25,14.45,4.45,4.65,8.75,9,9.2,0.54,0.5,0,5,20,50,20,5,0,
2024,11-Jul-24,LS JG EM,Deadman,2,12,glide,141.09,30.78,us,right,14.25,14.45,4.45,4.65,8.75,10,10.2,0.44,0.44,0,0,10,50,40,0,0,
2024,11-Jul-24,LS JG EM,Deadman,2,12,glide,141.09,30.78,us,right,14.25,14.45,4.45,4.65,8.75,11,11.2,0.36,0.32,20,0,0,25,50,5,0,
2024,11-Jul-24,LS JG EM,Deadman,2,12,glide,141.09,30.78,us,right,14.25,14.45,4.45,4.65,8.75,12,12.2,0.31,0.09,20,0,0,35,45,0,0,
2024,11-Jul-24,LS JG EM,Deadman,2,12,glide,141.09,30.78,us,right,14.25,14.45,4.45,4.65,8.75,13,13.2,0.08,0.05,20,20,20,40,0,0,0,
2024,11-Jul-24,LS JG EM,Deadman,2,12,glide,141.09,30.78,us,right,14.25,14.45,4.45,4.65,8.75,13.2,13.4,0,0,999,999,999,999,999,999,999,
2024,11-Jul-24,LS JG EM,Deadman,2,13,glide,141.09,22.26,us,right,17.49,17.69,2.55,2.75,9.45,2.55,2.75,0,0,999,999,999,999,999,999,999,"Add .2m to distances/ same glide as transects 11,12,14"
2024,11-Jul-24,LS JG EM,Deadman,2,13,glide,141.09,22.26,us,right,17.49,17.69,2.55,2.75,9.45,3,3.2,0.1,0.09,90,10,0,0,0,0,0,
2024,11-Jul-24,LS JG EM,Deadman,2,13,glide,141.09,22.26,us,right,17.49,17.69,2.55,2.75,9.45,4,4.2,0.2,0.04,90,10,0,0,0,0,0,
2024,11-Jul-24,LS JG EM,Deadman,2,13,glide,141.09,22.26,us,right,17.49,17.69,2.55,2.75,9.45,5,5.2,0.44,0.23,80,20,0,0,0,0,0,
2024,11-Jul-24,LS JG EM,Deadman,2,13,glide,141.09,22.26,us,right,17.49,17.69,2.55,2.75,9.45,6,6.2,0.46,0.2,80,20,0,0,0,0,0,
2024,11-Jul-24,LS JG EM,Deadman,2,13,glide,141.09,22.26,us,right,17.49,17.69,2.55,2.75,9.45,7,7.2,0.56,0.01,80,20,0,0,0,0,0,
2024,11-Jul-24,LS JG EM,Deadman,2,13,glide,141.09,22.26,us,right,17.49,17.69,2.55,2.75,9.45,8,8.2,0.6,0.04,80,20,0,0,0,0,0,
2024,11-Jul-24,LS JG EM,Deadman,2,13,glide,141.09,22.26,us,right,17.49,17.69,2.55,2.75,9.45,9,9.2,0.56,0.31,80,20,0,0,0,0,0,
2024,11-Jul-24,LS JG EM,Deadman,2,13,glide,141.09,22.26,us,right,17.49,17.69,2.55,2.75,9.45,10,10.2,0.74,0.35,80,20,0,0,0,0,0,
2024,11-Jul-24,LS JG EM,Deadman,2,13,glide,141.09,22.26,us,right,17.49,17.69,2.55,2.75,9.45,11,11.2,0.68,0.04,80,20,0,0,0,0,0,
2024,11-Jul-24,LS JG EM,Deadman,2,13,glide,141.09,22.26,us,right,17.49,17.69,2.55,2.75,9.45,12,12.2,0,0,999,999,999,999,999,999,999,
2024,11-Jul-24,LS JG EM,Deadman,2,14,glide,141.09,26.8,us,right,18.86,19.06,1.8,2,7.16,1.8,2,0,0,999,999,999,999,999,999,999,Add .2m to distances/ same glide as transects 11-13
2024,11-Jul-24,LS JG EM,Deadman,2,14,glide,141.09,26.8,us,right,18.86,19.06,1.8,2,7.16,2,2.2,0.42,0.02,100,0,0,0,0,0,0,
2024,11-Jul-24,LS JG EM,Deadman,2,14,glide,141.09,26.8,us,right,18.86,19.06,1.8,2,7.16,3,3.2,0.9,0.28,80,20,0,0,0,0,0,
2024,11-Jul-24,LS JG EM,Deadman,2,14,glide,141.09,26.8,us,right,18.86,19.06,1.8,2,7.16,4,4.2,0.8,0.43,60,40,0,0,0,0,0,
2024,11-Jul-24,LS JG EM,Deadman,2,14,glide,141.09,26.8,us,right,18.86,19.06,1.8,2,7.16,5,5.2,0.55,0.45,60,20,20,0,0,0,0,
2024,11-Jul-24,LS JG EM,Deadman,2,14,glide,141.09,26.8,us,right,18.86,19.06,1.8,2,7.16,6,6.2,0.42,0.41,60,20,20,0,0,0,0,
2024,11-Jul-24,LS JG EM,Deadman,2,14,glide,141.09,26.8,us,right,18.86,19.06,1.8,2,7.16,7,7.2,0.22,0.001,20,40,20,20,0,0,0,
2024,11-Jul-24,LS JG EM,Deadman,2,14,glide,141.09,26.8,us,right,18.86,19.06,1.8,2,7.16,8,8.2,0.12,0.2,60,20,20,0,0,0,0,
2024,11-Jul-24,LS JG EM,Deadman,2,14,glide,141.09,26.8,us,right,18.86,19.06,1.8,2,7.16,8.9,9.1,0,0,999,999,999,999,999,999,999,
2024,11-Jul-24,LS JG EM,Deadman,2,15,pool,26.6,28.7,us,right,17.55,17.75,2.2,2.4,11.18,0.2,0.4,0,0,999,999,999,999,999,999,999,Add .2m to distance measurements 
2024,11-Jul-24,LS JG EM,Deadman,2,15,pool,26.6,28.7,us,right,17.55,17.75,2.2,2.4,11.18,3,3.2,0.18,0.09,100,0,0,0,0,0,0,
2024,11-Jul-24,LS JG EM,Deadman,2,15,pool,26.6,28.7,us,right,17.55,17.75,2.2,2.4,11.18,4,4.2,0.46,0.1,100,0,0,0,0,0,0,
2024,11-Jul-24,LS JG EM,Deadman,2,15,pool,26.6,28.7,us,right,17.55,17.75,2.2,2.4,11.18,5,5.2,0.46,0.02,100,0,0,0,0,0,0,
2024,11-Jul-24,LS JG EM,Deadman,2,15,pool,26.6,28.7,us,right,17.55,17.75,2.2,2.4,11.18,6,6.2,1.1,0.06,80,10,10,0,0,0,0,
2024,11-Jul-24,LS JG EM,Deadman,2,15,pool,26.6,28.7,us,right,17.55,17.75,2.2,2.4,11.18,7,7.2,1.16,0.31,80,10,10,0,0,0,0,
2024,11-Jul-24,LS JG EM,Deadman,2,15,pool,26.6,28.7,us,right,17.55,17.75,2.2,2.4,11.18,8,8.2,1.12,0.34,80,10,10,0,0,0,0,
2024,11-Jul-24,LS JG EM,Deadman,2,15,pool,26.6,28.7,us,right,17.55,17.75,2.2,2.4,11.18,9,9.2,1.05,0.17,100,0,0,0,0,0,0,
2024,11-Jul-24,LS JG EM,Deadman,2,15,pool,26.6,28.7,us,right,17.55,17.75,2.2,2.4,11.18,10,10.2,0.72,0.02,100,0,0,0,0,0,0,
2024,11-Jul-24,LS JG EM,Deadman,2,15,pool,26.6,28.7,us,right,17.55,17.75,2.2,2.4,11.18,11,11.2,0.42,0.0001,100,0,0,0,0,0,0,
2024,11-Jul-24,LS JG EM,Deadman,2,15,pool,26.6,28.7,us,right,17.55,17.75,2.2,2.4,11.18,12,12.2,0.3,0.07,100,0,0,0,0,0,0,
2024,11-Jul-24,LS JG EM,Deadman,2,15,pool,26.6,28.7,us,right,17.55,17.75,2.2,2.4,11.18,13,13.2,0.18,0.06,100,0,0,0,0,0,0,
2024,11-Jul-24,LS JG EM,Deadman,2,15,pool,26.6,28.7,us,right,17.55,17.75,2.2,2.4,11.18,13.38,13.58,0,0,999,999,999,999,999,999,999,
2024,12-Jul-24,LS JG EM,Deadman,3,1,riffle,41.56,34.86,us,right,24.32,24.52,14.1,14.3,9.28,14.1,14.3,0,0,999,999,999,999,999,999,999,Add .2m to distance measurments
2024,12-Jul-24,LS JG EM,Deadman,3,1,riffle,41.56,34.86,us,right,24.32,24.52,14.1,14.3,9.28,15,15.2,0.06,0.54,0,40,60,0,0,0,0,
2024,12-Jul-24,LS JG EM,Deadman,3,1,riffle,41.56,34.86,us,right,24.32,24.52,14.1,14.3,9.28,16,16.2,0.19,0.91,0,40,60,0,0,0,0,
2024,12-Jul-24,LS JG EM,Deadman,3,1,riffle,41.56,34.86,us,right,24.32,24.52,14.1,14.3,9.28,17,17.2,0.24,1.01,0,40,60,0,0,0,0,
2024,12-Jul-24,LS JG EM,Deadman,3,1,riffle,41.56,34.86,us,right,24.32,24.52,14.1,14.3,9.28,18,18.2,0.24,1.04,0,40,60,0,0,0,0,
2024,12-Jul-24,LS JG EM,Deadman,3,1,riffle,41.56,34.86,us,right,24.32,24.52,14.1,14.3,9.28,19,19.2,0.24,1.27,0,40,60,0,0,0,0,
2024,12-Jul-24,LS JG EM,Deadman,3,1,riffle,41.56,34.86,us,right,24.32,24.52,14.1,14.3,9.28,20,20.2,0.22,1.1,0,40,60,0,0,0,0,
2024,12-Jul-24,LS JG EM,Deadman,3,1,riffle,41.56,34.86,us,right,24.32,24.52,14.1,14.3,9.28,21,21.2,0.16,1.15,0,40,60,0,0,0,0,
2024,12-Jul-24,LS JG EM,Deadman,3,1,riffle,41.56,34.86,us,right,24.32,24.52,14.1,14.3,9.28,22,22.2,0.12,0.55,20,30,50,0,0,0,0,
2024,12-Jul-24,LS JG EM,Deadman,3,1,riffle,41.56,34.86,us,right,24.32,24.52,14.1,14.3,9.28,23,23.2,0.06,0.0003,50,20,30,0,0,0,0,
2024,12-Jul-24,LS JG EM,Deadman,3,1,riffle,41.56,34.86,us,right,24.32,24.52,14.1,14.3,9.28,23.38,23.58,0,0,999,999,999,999,999,999,999,
2024,12-Jul-24,LS JG EM,Deadman,3,2,riffle,27.48,26.7,us,right,16.75,16.95,0.8,1.1,8.8,0.9,1.1,0,0,999,999,999,999,999,999,999,Add .2m to distance measurments
2024,12-Jul-24,LS JG EM,Deadman,3,2,riffle,27.48,26.7,us,right,16.75,16.95,0.8,1.1,8.8,1,1.2,0.75,0.05,50,25,25,0,0,0,0,
2024,12-Jul-24,LS JG EM,Deadman,3,2,riffle,27.48,26.7,us,right,16.75,16.95,0.8,1.1,8.8,2,2.2,0.96,0.41,0,30,60,10,0,0,0,
2024,12-Jul-24,LS JG EM,Deadman,3,2,riffle,27.48,26.7,us,right,16.75,16.95,0.8,1.1,8.8,3,3.2,0.84,0.45,0,30,60,10,0,0,0,
2024,12-Jul-24,LS JG EM,Deadman,3,2,riffle,27.48,26.7,us,right,16.75,16.95,0.8,1.1,8.8,4,4.2,0.62,0.36,0,30,60,10,0,0,0,
2024,12-Jul-24,LS JG EM,Deadman,3,2,riffle,27.48,26.7,us,right,16.75,16.95,0.8,1.1,8.8,5,5.2,0.29,0.24,5,30,60,5,0,0,0,
2024,12-Jul-24,LS JG EM,Deadman,3,2,riffle,27.48,26.7,us,right,16.75,16.95,0.8,1.1,8.8,5.5,5.7,0,0,999,999,999,999,999,999,999,
2024,12-Jul-24,LS JG EM,Deadman,3,2,riffle,27.48,26.7,us,right,16.75,16.95,0.8,1.1,8.8,11.7,11.9,0,0,999,999,999,999,999,999,999,
2024,12-Jul-24,LS JG EM,Deadman,3,2,riffle,27.48,26.7,us,right,16.75,16.95,0.8,1.1,8.8,12,12.2,0.12,0.002,80,10,10,0,0,0,0,
2024,12-Jul-24,LS JG EM,Deadman,3,2,riffle,27.48,26.7,us,right,16.75,16.95,0.8,1.1,8.8,13,13.2,0.45,0.0023,100,0,0,0,0,0,0,
2024,12-Jul-24,LS JG EM,Deadman,3,2,riffle,27.48,26.7,us,right,16.75,16.95,0.8,1.1,8.8,14,14.2,0.86,0.02,100,0,0,0,0,0,0,
2024,12-Jul-24,LS JG EM,Deadman,3,2,riffle,27.48,26.7,us,right,16.75,16.95,0.8,1.1,8.8,15,15.2,0.79,0.05,100,0,0,0,0,0,0,
2024,12-Jul-24,LS JG EM,Deadman,3,2,riffle,27.48,26.7,us,right,16.75,16.95,0.8,1.1,8.8,15.85,16.05,0,0,999,999,999,999,999,999,999,
2024,16-Jul-24,JG LS JC,Deadman,3,3,pool,23.87,38.86,us,right,22.3,22.5,0.8,1,21.45,0.8,1,0,0,999,999,999,999,999,999,999,Add .2m to distance measurments
2024,16-Jul-24,JG LS JC,Deadman,3,3,pool,23.87,38.86,us,right,22.3,22.5,0.8,1,21.45,1,1.2,0.36,0.11,100,0,0,0,0,0,0,
2024,16-Jul-24,JG LS JC,Deadman,3,3,pool,23.87,38.86,us,right,22.3,22.5,0.8,1,21.45,2,2.2,0.22,0.11,100,0,0,0,0,0,0,
2024,16-Jul-24,JG LS JC,Deadman,3,3,pool,23.87,38.86,us,right,22.3,22.5,0.8,1,21.45,3,3.2,0.35,0.11,100,0,0,0,0,0,0,
2024,16-Jul-24,JG LS JC,Deadman,3,3,pool,23.87,38.86,us,right,22.3,22.5,0.8,1,21.45,4,4.2,0.52,0.21,100,0,0,0,0,0,0,
2024,16-Jul-24,JG LS JC,Deadman,3,3,pool,23.87,38.86,us,right,22.3,22.5,0.8,1,21.45,5,5.2,0.88,0.15,100,0,0,0,0,0,0,
2024,16-Jul-24,JG LS JC,Deadman,3,3,pool,23.87,38.86,us,right,22.3,22.5,0.8,1,21.45,6,6.2,1.2,0.19,100,0,0,0,0,0,0,
2024,16-Jul-24,JG LS JC,Deadman,3,3,pool,23.87,38.86,us,right,22.3,22.5,0.8,1,21.45,7,7.2,1.53,0.19,100,0,0,0,0,0,0,
2024,16-Jul-24,JG LS JC,Deadman,3,3,pool,23.87,38.86,us,right,22.3,22.5,0.8,1,21.45,8,8.2,1.75,0.16,100,0,0,0,0,0,0,
2024,16-Jul-24,JG LS JC,Deadman,3,3,pool,23.87,38.86,us,right,22.3,22.5,0.8,1,21.45,9,9.2,1.87,0.14,100,0,0,0,0,0,0,
2024,16-Jul-24,JG LS JC,Deadman,3,3,pool,23.87,38.86,us,right,22.3,22.5,0.8,1,21.45,10,10.2,1.69,0.05,100,0,0,0,0,0,0,
2024,16-Jul-24,JG LS JC,Deadman,3,3,pool,23.87,38.86,us,right,22.3,22.5,0.8,1,21.45,11,11.2,1.45,0.06,100,0,0,0,0,0,0,
2024,16-Jul-24,JG LS JC,Deadman,3,3,pool,23.87,38.86,us,right,22.3,22.5,0.8,1,21.45,12,12.2,1.35,0.007,100,0,0,0,0,0,0,
2024,16-Jul-24,JG LS JC,Deadman,3,3,pool,23.87,38.86,us,right,22.3,22.5,0.8,1,21.45,13,13.2,1.18,0.04,100,0,0,0,0,0,0,
2024,16-Jul-24,JG LS JC,Deadman,3,3,pool,23.87,38.86,us,right,22.3,22.5,0.8,1,21.45,14,14.2,0.96,0.05,100,0,0,0,0,0,0,
2024,16-Jul-24,JG LS JC,Deadman,3,3,pool,23.87,38.86,us,right,22.3,22.5,0.8,1,21.45,15,15.2,0.84,0.08,100,0,0,0,0,0,0,
2024,16-Jul-24,JG LS JC,Deadman,3,3,pool,23.87,38.86,us,right,22.3,22.5,0.8,1,21.45,16,16.2,0.7,0.11,100,0,0,0,0,0,0,
2024,16-Jul-24,JG LS JC,Deadman,3,3,pool,23.87,38.86,us,right,22.3,22.5,0.8,1,21.45,17,17.2,0.6,0.09,100,0,0,0,0,0,0,
2024,16-Jul-24,JG LS JC,Deadman,3,3,pool,23.87,38.86,us,right,22.3,22.5,0.8,1,21.45,18,18.2,0.5,0.09,100,0,0,0,0,0,0,
2024,16-Jul-24,JG LS JC,Deadman,3,3,pool,23.87,38.86,us,right,22.3,22.5,0.8,1,21.45,19,19.2,0.65,0.08,100,0,0,0,0,0,0,
2024,16-Jul-24,JG LS JC,Deadman,3,3,pool,23.87,38.86,us,right,22.3,22.5,0.8,1,21.45,20,20.2,0.84,0.005,100,0,0,0,0,0,0,
2024,16-Jul-24,JG LS JC,Deadman,3,3,pool,23.87,38.86,us,right,22.3,22.5,0.8,1,21.45,21,21.2,0.26,0.04,100,0,0,0,0,0,0,
2024,16-Jul-24,JG LS JC,Deadman,3,3,pool,23.87,38.86,us,right,22.3,22.5,0.8,1,21.45,21.53,21.73,0,0,999,999,999,999,999,999,999,
2024,12-Jul-24,JM JG,Deadman,3,4,glide,50.85,24.38,us,right,11.94,12.14,1.4,1.6,9.7,1.4,1.6,0,0,999,999,999,999,999,999,999,Add .2m to distance measurments/same glide as transect 5
2024,12-Jul-24,JM JG,Deadman,3,4,glide,50.85,24.38,us,right,11.94,12.14,1.4,1.6,9.7,2,2.2,0.18,0.09,0,0,20,40,40,0,0,
2024,12-Jul-24,JM JG,Deadman,3,4,glide,50.85,24.38,us,right,11.94,12.14,1.4,1.6,9.7,3,3.2,0.4,0.76,5,25,60,10,0,0,0,
2024,12-Jul-24,JM JG,Deadman,3,4,glide,50.85,24.38,us,right,11.94,12.14,1.4,1.6,9.7,4,4.2,0.17,0.92,5,25,60,10,0,0,0,
2024,12-Jul-24,JM JG,Deadman,3,4,glide,50.85,24.38,us,right,11.94,12.14,1.4,1.6,9.7,5,5.2,0.14,0.93,10,20,60,10,0,0,0,
2024,12-Jul-24,JM JG,Deadman,3,4,glide,50.85,24.38,us,right,11.94,12.14,1.4,1.6,9.7,6,6.2,0.22,0.71,10,40,50,0,0,0,0,
2024,12-Jul-24,JM JG,Deadman,3,4,glide,50.85,24.38,us,right,11.94,12.14,1.4,1.6,9.7,7,7.2,0.12,0.68,10,50,40,0,0,0,0,
2024,12-Jul-24,JM JG,Deadman,3,4,glide,50.85,24.38,us,right,11.94,12.14,1.4,1.6,9.7,8,8.2,0.14,0.59,10,50,40,0,0,0,0,
2024,12-Jul-24,JM JG,Deadman,3,4,glide,50.85,24.38,us,right,11.94,12.14,1.4,1.6,9.7,9,9.2,0.1,0.43,30,30,40,0,0,0,0,
2024,12-Jul-24,JM JG,Deadman,3,4,glide,50.85,24.38,us,right,11.94,12.14,1.4,1.6,9.7,10,10.2,0.05,0.35,50,30,20,0,0,0,0,
2024,12-Jul-24,JM JG,Deadman,3,4,glide,50.85,24.38,us,right,11.94,12.14,1.4,1.6,9.7,11,11.2,0.04,0.01,50,30,20,0,0,0,0,
2024,12-Jul-24,JM JG,Deadman,3,4,glide,50.85,24.38,us,right,11.94,12.14,1.4,1.6,9.7,11.1,11.3,0,0,999,999,999,999,999,999,999,
2024,12-Jul-24,JM JG,Deadman,3,5,glide,50.85,19.98,us,right,12.1,12.3,0.62,0.82,10.18,0.62,0.82,0,0,999,999,999,999,999,999,999,Add .2m to distance measurments/same glide as transect 4
2024,12-Jul-24,JM JG,Deadman,3,5,glide,50.85,19.98,us,right,12.1,12.3,0.62,0.82,10.18,1,1.2,0.11,0.08,0,40,60,0,0,0,0,
2024,12-Jul-24,JM JG,Deadman,3,5,glide,50.85,19.98,us,right,12.1,12.3,0.62,0.82,10.18,2,2.2,0.43,0.74,0,40,60,0,0,0,0,
2024,12-Jul-24,JM JG,Deadman,3,5,glide,50.85,19.98,us,right,12.1,12.3,0.62,0.82,10.18,3,3.2,0.38,1.04,0,40,60,0,0,0,0,
2024,12-Jul-24,JM JG,Deadman,3,5,glide,50.85,19.98,us,right,12.1,12.3,0.62,0.82,10.18,4,4.2,0.18,0.71,10,40,50,0,0,0,0,
2024,12-Jul-24,JM JG,Deadman,3,5,glide,50.85,19.98,us,right,12.1,12.3,0.62,0.82,10.18,5,5.2,0.18,0.65,10,40,50,0,0,0,0,
2024,12-Jul-24,JM JG,Deadman,3,5,glide,50.85,19.98,us,right,12.1,12.3,0.62,0.82,10.18,6,6.2,0.16,0.5,15,35,50,0,0,0,0,
2024,12-Jul-24,JM JG,Deadman,3,5,glide,50.85,19.98,us,right,12.1,12.3,0.62,0.82,10.18,7,7.2,0.14,0.54,40,30,30,0,0,0,0,
2024,12-Jul-24,JM JG,Deadman,3,5,glide,50.85,19.98,us,right,12.1,12.3,0.62,0.82,10.18,8,8.2,0.26,0.024,60,20,20,0,0,0,0,
2024,12-Jul-24,JM JG,Deadman,3,5,glide,50.85,19.98,us,right,12.1,12.3,0.62,0.82,10.18,9,9.2,0.26,0.0001,100,0,0,0,0,0,0,
2024,12-Jul-24,JM JG,Deadman,3,5,glide,50.85,19.98,us,right,12.1,12.3,0.62,0.82,10.18,10,10.2,0.26,0.03,100,0,0,0,0,0,0,
2024,12-Jul-24,JM JG,Deadman,3,5,glide,50.85,19.98,us,right,12.1,12.3,0.62,0.82,10.18,10.8,11,0,0,999,999,999,999,999,999,999,
2024,12-Jul-24,JM JG,Deadman,3,6,pool,21.73,10.83,us,right,15.5,15.7,0.65,0.85,10.15,0.65,0.85,0,0,999,999,999,999,999,999,999,Add .2m to distance measurments
2024,12-Jul-24,JM JG,Deadman,3,6,pool,21.73,10.83,us,right,15.5,15.7,0.65,0.85,10.15,1,0.1,0.1,0.02,80,10,0,0,10,0,0,
2024,12-Jul-24,JM JG,Deadman,3,6,pool,21.73,10.83,us,right,15.5,15.7,0.65,0.85,10.15,2,2.2,0.45,0.09,60,10,0,10,20,0,0,
2024,12-Jul-24,JM JG,Deadman,3,6,pool,21.73,10.83,us,right,15.5,15.7,0.65,0.85,10.15,3,3.2,0.65,0.43,40,15,0,30,15,0,0,
2024,12-Jul-24,JM JG,Deadman,3,6,pool,21.73,10.83,us,right,15.5,15.7,0.65,0.85,10.15,4,4.2,1,0.45,40,15,0,30,15,0,0,
2024,12-Jul-24,JM JG,Deadman,3,6,pool,21.73,10.83,us,right,15.5,15.7,0.65,0.85,10.15,5,5.2,1.2,0.34,50,50,0,0,0,0,0,
2024,12-Jul-24,JM JG,Deadman,3,6,pool,21.73,10.83,us,right,15.5,15.7,0.65,0.85,10.15,6,6.2,0.87,0.27,50,50,0,0,0,0,0,
2024,12-Jul-24,JM JG,Deadman,3,6,pool,21.73,10.83,us,right,15.5,15.7,0.65,0.85,10.15,7,7.2,0.48,0.07,100,0,0,0,0,0,0,
2024,12-Jul-24,JM JG,Deadman,3,6,pool,21.73,10.83,us,right,15.5,15.7,0.65,0.85,10.15,8,8.2,0.34,0.09,100,0,0,0,0,0,0,
2024,12-Jul-24,JM JG,Deadman,3,6,pool,21.73,10.83,us,right,15.5,15.7,0.65,0.85,10.15,9,9.2,0.26,0.18,100,0,0,0,0,0,0,
2024,12-Jul-24,JM JG,Deadman,3,6,pool,21.73,10.83,us,right,15.5,15.7,0.65,0.85,10.15,10,10.2,0.16,0.14,70,20,10,0,0,0,0,
2024,12-Jul-24,JM JG,Deadman,3,6,pool,21.73,10.83,us,right,15.5,15.7,0.65,0.85,10.15,10.8,11,0,0,999,999,999,999,999,999,999,
2024,12-Jul-24,JM JG,Deadman,3,7,glide,21.37,14.54,us,right,22.3,22.5,0.9,1.1,16.3,0.9,1.1,0,0,999,999,999,999,999,999,999,Add .2m to distances
2024,12-Jul-24,JM JG,Deadman,3,7,glide,21.37,14.54,us,right,22.3,22.5,0.9,1.1,16.3,1,1.2,0.1,0.16,100,0,0,0,0,0,0,
2024,12-Jul-24,JM JG,Deadman,3,7,glide,21.37,14.54,us,right,22.3,22.5,0.9,1.1,16.3,2,2.2,0.29,0.27,100,0,0,0,0,0,0,
2024,12-Jul-24,JM JG,Deadman,3,7,glide,21.37,14.54,us,right,22.3,22.5,0.9,1.1,16.3,3,3.2,0.19,0.33,100,0,0,0,0,0,0,
2024,12-Jul-24,JM JG,Deadman,3,7,glide,21.37,14.54,us,right,22.3,22.5,0.9,1.1,16.3,4,4.2,0.34,0.16,100,0,0,0,0,0,0,
2024,12-Jul-24,JM JG,Deadman,3,7,glide,21.37,14.54,us,right,22.3,22.5,0.9,1.1,16.3,5,5.2,0.22,0.31,100,0,0,0,0,0,0,
2024,12-Jul-24,JM JG,Deadman,3,7,glide,21.37,14.54,us,right,22.3,22.5,0.9,1.1,16.3,6,6.2,0.14,0.36,80,20,0,0,0,0,0,
2024,12-Jul-24,JM JG,Deadman,3,7,glide,21.37,14.54,us,right,22.3,22.5,0.9,1.1,16.3,7,7.2,0.18,0.18,80,20,0,0,0,0,0,
2024,12-Jul-24,JM JG,Deadman,3,7,glide,21.37,14.54,us,right,22.3,22.5,0.9,1.1,16.3,8,8.2,0,0,999,999,999,999,999,999,999,
2024,12-Jul-24,JM JG,Deadman,3,7,glide,21.37,14.54,us,right,22.3,22.5,0.9,1.1,16.3,8.6,8.8,0,0,999,999,999,999,999,999,999,
2024,12-Jul-24,JM JG,Deadman,3,7,glide,21.37,14.54,us,right,22.3,22.5,0.9,1.1,16.3,9,9.2,0.01,0,10,30,60,0,0,0,0,
2024,12-Jul-24,JM JG,Deadman,3,7,glide,21.37,14.54,us,right,22.3,22.5,0.9,1.1,16.3,10,10.2,0.01,0,10,30,60,0,0,0,0,
2024,12-Jul-24,JM JG,Deadman,3,7,glide,21.37,14.54,us,right,22.3,22.5,0.9,1.1,16.3,11,11.2,0.02,0,10,30,60,0,0,0,0,
2024,12-Jul-24,JM JG,Deadman,3,7,glide,21.37,14.54,us,right,22.3,22.5,0.9,1.1,16.3,12,12.2,0.12,1,10,20,70,0,0,0,0,
2024,12-Jul-24,JM JG,Deadman,3,7,glide,21.37,14.54,us,right,22.3,22.5,0.9,1.1,16.3,13,13.2,0.18,0.8,10,30,60,0,0,0,0,
2024,12-Jul-24,JM JG,Deadman,3,7,glide,21.37,14.54,us,right,22.3,22.5,0.9,1.1,16.3,14,14.2,0.24,0.67,20,30,50,0,0,0,0,
2024,12-Jul-24,JM JG,Deadman,3,7,glide,21.37,14.54,us,right,22.3,22.5,0.9,1.1,16.3,15,15.2,0.31,0.7,20,40,40,0,0,0,0,
2024,12-Jul-24,JM JG,Deadman,3,7,glide,21.37,14.54,us,right,22.3,22.5,0.9,1.1,16.3,16,16.2,0.34,0.41,20,50,30,0,0,0,0,
2024,12-Jul-24,JM JG,Deadman,3,7,glide,21.37,14.54,us,right,22.3,22.5,0.9,1.1,16.3,17,17.2,0.23,0.41,10,40,50,0,0,0,0,
2024,12-Jul-24,JM JG,Deadman,3,7,glide,21.37,14.54,us,right,22.3,22.5,0.9,1.1,16.3,17.8,18,0,0,999,999,999,999,999,999,999,
2024,12-Jul-24,JM JG,Deadman,3,8,glide,21.37,11.35,us,right,15.46,15.46,2.95,2.95,8.55,2.95,2.95,0,0,999,999,999,999,999,999,999,Deep pool/glide
2024,12-Jul-24,JM JG,Deadman,3,8,glide,21.37,11.35,us,right,15.46,15.46,2.95,2.95,8.55,3,3,0.04,0,100,0,0,0,0,0,0,
2024,12-Jul-24,JM JG,Deadman,3,8,glide,21.37,11.35,us,right,15.46,15.46,2.95,2.95,8.55,4,4,0.12,0.08,100,0,0,0,0,0,0,
2024,12-Jul-24,JM JG,Deadman,3,8,glide,21.37,11.35,us,right,15.46,15.46,2.95,2.95,8.55,5,5,0.37,0.19,100,0,0,0,0,0,0,
2024,12-Jul-24,JM JG,Deadman,3,8,glide,21.37,11.35,us,right,15.46,15.46,2.95,2.95,8.55,6,6,0.48,0.26,50,30,20,0,0,0,0,
2024,12-Jul-24,JM JG,Deadman,3,8,glide,21.37,11.35,us,right,15.46,15.46,2.95,2.95,8.55,7,7,0.72,0.34,50,30,20,0,0,0,0,
2024,12-Jul-24,JM JG,Deadman,3,8,glide,21.37,11.35,us,right,15.46,15.46,2.95,2.95,8.55,8,8,0.98,0.25,40,30,15,5,10,0,0,
2024,12-Jul-24,JM JG,Deadman,3,8,glide,21.37,11.35,us,right,15.46,15.46,2.95,2.95,8.55,9,9,1.1,0.24,20,5,5,30,40,0,0,Rip rap
2024,12-Jul-24,JM JG,Deadman,3,8,glide,21.37,11.35,us,right,15.46,15.46,2.95,2.95,8.55,10,10,0.92,0.32,20,5,5,30,40,0,0,Rip rap
2024,12-Jul-24,JM JG,Deadman,3,8,glide,21.37,11.35,us,right,15.46,15.46,2.95,2.95,8.55,11,11,0.94,0.19,25,5,5,25,40,0,0,Rip rap
2024,12-Jul-24,JM JG,Deadman,3,8,glide,21.37,11.35,us,right,15.46,15.46,2.95,2.95,8.55,11.6,11.6,0,999,999,999,999,999,999,999,999,
2024,12-Jul-24,JM JG,Deadman,3,9,riffle,43.25,30.46,us,right,24.85,24.85,1,1,6.6,1,1,0,0,999,999,999,999,999,999,999,Deep  
2024,12-Jul-24,JM JG,Deadman,3,9,riffle,43.25,30.46,us,right,24.85,24.85,1,1,6.6,2,2,0.28,0.63,20,40,40,0,0,0,0,
2024,12-Jul-24,JM JG,Deadman,3,9,riffle,43.25,30.46,us,right,24.85,24.85,1,1,6.6,3,3,0.3,0.87,15,25,60,0,0,0,0,
2024,12-Jul-24,JM JG,Deadman,3,9,riffle,43.25,30.46,us,right,24.85,24.85,1,1,6.6,4,4,0.32,0.73,15,25,60,0,0,0,0,
2024,12-Jul-24,JM JG,Deadman,3,9,riffle,43.25,30.46,us,right,24.85,24.85,1,1,6.6,5,5,0.34,0.69,10,30,60,0,0,0,0,
2024,12-Jul-24,JM JG,Deadman,3,9,riffle,43.25,30.46,us,right,24.85,24.85,1,1,6.6,6,6,0.26,0.69,10,30,60,0,0,0,0,
2024,12-Jul-24,JM JG,Deadman,3,9,riffle,43.25,30.46,us,right,24.85,24.85,1,1,6.6,7,7,0.24,0.09,20,35,45,0,0,0,0,
2024,12-Jul-24,JM JG,Deadman,3,9,riffle,43.25,30.46,us,right,24.85,24.85,1,1,6.6,7.6,7.6,0,0,999,999,999,999,999,999,999,
2024,12-Jul-24,JM JG,Deadman,3,10,riffle,43.25,46.67,us,right,15.58,15.57,0.45,0.65,7.05,0.45,0.65,0,0,999,999,999,999,999,999,999,Add .2m to distances
2024,12-Jul-24,JM JG,Deadman,3,10,riffle,43.25,46.67,us,right,15.58,15.57,0.45,0.65,7.05,1,1.2,0.34,1.13,100,0,0,0,0,0,0,
2024,12-Jul-24,JM JG,Deadman,3,10,riffle,43.25,46.67,us,right,15.58,15.57,0.45,0.65,7.05,2,2.2,0.82,0.65,80,10,10,0,0,0,0,
2024,12-Jul-24,JM JG,Deadman,3,10,riffle,43.25,46.67,us,right,15.58,15.57,0.45,0.65,7.05,3,3.2,0.66,0.46,60,30,10,0,0,0,0,
2024,12-Jul-24,JM JG,Deadman,3,10,riffle,43.25,46.67,us,right,15.58,15.57,0.45,0.65,7.05,4,4.2,0.38,0.13,50,20,30,0,0,0,0,
2024,12-Jul-24,JM JG,Deadman,3,10,riffle,43.25,46.67,us,right,15.58,15.57,0.45,0.65,7.05,5,5.2,0.14,0.03,50,20,30,0,0,0,0,
2024,12-Jul-24,JM JG,Deadman,3,10,riffle,43.25,46.67,us,right,15.58,15.57,0.45,0.65,7.05,6,6.2,0.08,0.04,70,15,15,0,0,0,0,
2024,12-Jul-24,JM JG,Deadman,3,10,riffle,43.25,46.67,us,right,15.58,15.57,0.45,0.65,7.05,7,7.2,0.04,0,70,15,15,0,0,0,0,
2024,12-Jul-24,JM JG,Deadman,3,10,riffle,43.25,46.67,us,right,15.58,15.57,0.45,0.65,7.05,7.5,7.7,0,0,999,999,999,999,999,999,999,
2024,12-Jul-24,JM JG,Deadman,3,11,glide,77.05,40.34,us,right,13.3,13.5,1,1.2,10.9,1,1.2,0,0,999,999,999,999,999,999,999,"Borderline riffle-glide(more glide), add .2m to distances, same glide as transect 12"
2024,12-Jul-24,JM JG,Deadman,3,11,glide,77.05,40.34,us,right,13.3,13.5,1,1.2,10.9,2,2.2,0.15,0.56,0,50,50,0,0,0,0,
2024,12-Jul-24,JM JG,Deadman,3,11,glide,77.05,40.34,us,right,13.3,13.5,1,1.2,10.9,3,3.2,0.13,0.63,0,40,60,0,0,0,0,
2024,12-Jul-24,JM JG,Deadman,3,11,glide,77.05,40.34,us,right,13.3,13.5,1,1.2,10.9,4,4.2,0.2,0.8,0,40,60,0,0,0,0,
2024,12-Jul-24,JM JG,Deadman,3,11,glide,77.05,40.34,us,right,13.3,13.5,1,1.2,10.9,5,5.2,0.24,0.68,0,40,60,0,0,0,0,
2024,12-Jul-24,JM JG,Deadman,3,11,glide,77.05,40.34,us,right,13.3,13.5,1,1.2,10.9,6,6.2,0.23,0.75,0,40,60,0,0,0,0,
2024,12-Jul-24,JM JG,Deadman,3,11,glide,77.05,40.34,us,right,13.3,13.5,1,1.2,10.9,7,7.2,0.28,0.65,0,40,60,0,0,0,0,
2024,12-Jul-24,JM JG,Deadman,3,11,glide,77.05,40.34,us,right,13.3,13.5,1,1.2,10.9,8,8.2,0.3,0.53,0,40,60,0,0,0,0,
2024,12-Jul-24,JM JG,Deadman,3,11,glide,77.05,40.34,us,right,13.3,13.5,1,1.2,10.9,9,9.2,0.36,0.3,60,20,20,0,0,0,0,
2024,12-Jul-24,JM JG,Deadman,3,11,glide,77.05,40.34,us,right,13.3,13.5,1,1.2,10.9,10,10.2,0.28,0.05,50,20,30,0,0,0,0,
2024,12-Jul-24,JM JG,Deadman,3,11,glide,77.05,40.34,us,right,13.3,13.5,1,1.2,10.9,11,11.2,0.2,0.16,50,20,30,0,0,0,0,
2024,12-Jul-24,JM JG,Deadman,3,11,glide,77.05,40.34,us,right,13.3,13.5,1,1.2,10.9,11.9,12.1,0,0,999,999,999,999,999,999,999,
2024,12-Jul-24,JM JG,Deadman,3,12,glide,77.05,20.04,us,right,13.15,13.35,0,1.1,10.05,1.1,1.3,0,0,999,999,999,999,999,999,999,"Add .2m to distance measurments, same glide as transect 11"
2024,12-Jul-24,JM JG,Deadman,3,12,glide,77.05,20.04,us,right,13.15,13.35,0,1.1,10.05,2,2.2,0.36,0.71,10,20,60,10,0,0,0,
2024,12-Jul-24,JM JG,Deadman,3,12,glide,77.05,20.04,us,right,13.15,13.35,0,1.1,10.05,3,3.2,0.37,0.79,10,20,60,10,0,0,0,
2024,12-Jul-24,JM JG,Deadman,3,12,glide,77.05,20.04,us,right,13.15,13.35,0,1.1,10.05,4,4.2,0.27,0.73,10,20,60,10,0,0,0,
2024,12-Jul-24,JM JG,Deadman,3,12,glide,77.05,20.04,us,right,13.15,13.35,0,1.1,10.05,5,5.2,0.2,0.85,10,20,60,10,0,0,0,
2024,12-Jul-24,JM JG,Deadman,3,12,glide,77.05,20.04,us,right,13.15,13.35,0,1.1,10.05,6,6.2,0.29,0.74,10,20,60,10,0,0,0,
2024,12-Jul-24,JM JG,Deadman,3,12,glide,77.05,20.04,us,right,13.15,13.35,0,1.1,10.05,7,7.2,0.34,0.1,40,40,20,0,0,0,0,
2024,12-Jul-24,JM JG,Deadman,3,12,glide,77.05,20.04,us,right,13.15,13.35,0,1.1,10.05,8,8.2,0.16,0.003,50,30,20,0,0,0,0,
2024,12-Jul-24,JM JG,Deadman,3,12,glide,77.05,20.04,us,right,13.15,13.35,0,1.1,10.05,9,9.2,0.01,0,100,0,0,0,0,0,0,
2024,12-Jul-24,JM JG,Deadman,3,12,glide,77.05,20.04,us,right,13.15,13.35,0,1.1,10.05,10,10.2,0.06,0,100,0,0,0,0,0,0,
2024,12-Jul-24,JM JG,Deadman,3,12,glide,77.05,20.04,us,right,13.15,13.35,0,1.1,10.05,11,11.2,0.04,0.01,100,0,0,0,0,0,0,
2024,12-Jul-24,JM JG,Deadman,3,12,glide,77.05,20.04,us,right,13.15,13.35,0,1.1,10.05,11.15,11.35,0,0,999,999,999,999,999,999,999,
2024,17-Jul-24,LS JA,Deadman,3,13,pool,29.4,18.5,us,right,19.99,20.19,1.8,2,15.95,1.8,2,0,0,999,999,999,999,999,999,999,Add .2m to distance measurments
2024,17-Jul-24,LS JA,Deadman,3,13,pool,29.4,18.5,us,right,19.99,20.19,1.8,2,15.95,2,2.2,0.4,0.01,100,0,0,0,0,0,0,
2024,17-Jul-24,LS JA,Deadman,3,13,pool,29.4,18.5,us,right,19.99,20.19,1.8,2,15.95,3,3.2,0.76,0.02,100,0,0,0,0,0,0,
2024,17-Jul-24,LS JA,Deadman,3,13,pool,29.4,18.5,us,right,19.99,20.19,1.8,2,15.95,4,4.2,0.77,0.03,80,10,10,0,0,0,0,
2024,17-Jul-24,LS JA,Deadman,3,13,pool,29.4,18.5,us,right,19.99,20.19,1.8,2,15.95,5,5.2,0.92,0.04,80,10,10,0,0,0,0,
2024,17-Jul-24,LS JA,Deadman,3,13,pool,29.4,18.5,us,right,19.99,20.19,1.8,2,15.95,6,6.2,0.72,0.0008,80,10,10,0,0,0,0,
2024,17-Jul-24,LS JA,Deadman,3,13,pool,29.4,18.5,us,right,19.99,20.19,1.8,2,15.95,7,7.2,0.94,0.13,80,10,10,0,0,0,0,
2024,17-Jul-24,LS JA,Deadman,3,13,pool,29.4,18.5,us,right,19.99,20.19,1.8,2,15.95,8,8.2,1,0.08,60,30,10,0,0,0,0,
2024,17-Jul-24,LS JA,Deadman,3,13,pool,29.4,18.5,us,right,19.99,20.19,1.8,2,15.95,9,9.2,0.98,0.07,60,30,10,0,0,0,0,
2024,17-Jul-24,LS JA,Deadman,3,13,pool,29.4,18.5,us,right,19.99,20.19,1.8,2,15.95,10,10.2,0.98,0.02,60,30,10,0,0,0,0,
2024,17-Jul-24,LS JA,Deadman,3,13,pool,29.4,18.5,us,right,19.99,20.19,1.8,2,15.95,11,11.2,1.18,0.03,20,20,50,10,0,0,0,
2024,17-Jul-24,LS JA,Deadman,3,13,pool,29.4,18.5,us,right,19.99,20.19,1.8,2,15.95,12,12.2,1.17,0.04,20,20,50,10,0,0,0,
2024,17-Jul-24,LS JA,Deadman,3,13,pool,29.4,18.5,us,right,19.99,20.19,1.8,2,15.95,13,13.2,1.1,0.39,10,30,60,0,0,0,0,
2024,17-Jul-24,LS JA,Deadman,3,13,pool,29.4,18.5,us,right,19.99,20.19,1.8,2,15.95,14,14.2,0.9,0.52,10,30,60,0,0,0,0,
2024,17-Jul-24,LS JA,Deadman,3,13,pool,29.4,18.5,us,right,19.99,20.19,1.8,2,15.95,15,15.2,0.51,0.52,10,30,60,0,0,0,0,
2024,17-Jul-24,LS JA,Deadman,3,13,pool,29.4,18.5,us,right,19.99,20.19,1.8,2,15.95,16,16.2,0.22,0.43,10,30,60,0,0,0,0,
2024,17-Jul-24,LS JA,Deadman,3,13,pool,29.4,18.5,us,right,19.99,20.19,1.8,2,15.95,17,17.2,0.18,0.16,20,20,60,0,0,0,0,
2024,17-Jul-24,LS JA,Deadman,3,13,pool,29.4,18.5,us,right,19.99,20.19,1.8,2,15.95,17.75,17.95,0,0,999,999,999,999,999,999,999,
2024,12-Jul-24,JM JG,Deadman,3,14,riffle,21.64,9.81,us,right,23.85,24.05,1.1,1.3,10.03,1.1,1.3,0,0,999,999,999,999,999,999,999,"Add .2m to distance measurments, same riffle as transect 15"
2024,12-Jul-24,JM JG,Deadman,3,14,riffle,21.64,9.81,us,right,23.85,24.05,1.1,1.3,10.03,2,2.2,0.22,0.0027,50,0,0,0,0,50,0,
2024,12-Jul-24,JM JG,Deadman,3,14,riffle,21.64,9.81,us,right,23.85,24.05,1.1,1.3,10.03,3,3.2,0.01,0,100,0,0,0,0,0,0,
2024,12-Jul-24,JM JG,Deadman,3,14,riffle,21.64,9.81,us,right,23.85,24.05,1.1,1.3,10.03,3.7,3.9,0,0,999,999,999,999,999,999,999,Sand/gravel bar
2024,12-Jul-24,JM JG,Deadman,3,14,riffle,21.64,9.81,us,right,23.85,24.05,1.1,1.3,10.03,14.85,15.05,0,0,999,999,999,999,999,999,999,Sand/gravel bar
2024,12-Jul-24,JM JG,Deadman,3,14,riffle,21.64,9.81,us,right,23.85,24.05,1.1,1.3,10.03,15,15.2,0.08,0.008,80,0,20,0,0,0,0,
2024,12-Jul-24,JM JG,Deadman,3,14,riffle,21.64,9.81,us,right,23.85,24.05,1.1,1.3,10.03,16,16.2,0.33,0.03,80,0,20,0,0,0,0,
2024,12-Jul-24,JM JG,Deadman,3,14,riffle,21.64,9.81,us,right,23.85,24.05,1.1,1.3,10.03,17,17.2,0.38,0.07,80,0,20,0,0,0,0,
2024,12-Jul-24,JM JG,Deadman,3,14,riffle,21.64,9.81,us,right,23.85,24.05,1.1,1.3,10.03,18,18.2,0.44,0.32,50,50,0,0,0,0,0,
2024,12-Jul-24,JM JG,Deadman,3,14,riffle,21.64,9.81,us,right,23.85,24.05,1.1,1.3,10.03,19,19.2,0.48,1.12,0,30,70,0,0,0,0,
2024,12-Jul-24,JM JG,Deadman,3,14,riffle,21.64,9.81,us,right,23.85,24.05,1.1,1.3,10.03,20,20.2,0.4,0.79,0,30,70,0,0,0,0,
2024,12-Jul-24,JM JG,Deadman,3,14,riffle,21.64,9.81,us,right,23.85,24.05,1.1,1.3,10.03,21,21.2,0.28,0.63,0,30,70,0,0,0,0,
2024,12-Jul-24,JM JG,Deadman,3,14,riffle,21.64,9.81,us,right,23.85,24.05,1.1,1.3,10.03,22,22.2,0.2,0.12,50,30,20,0,0,0,0,
2024,12-Jul-24,JM JG,Deadman,3,14,riffle,21.64,9.81,us,right,23.85,24.05,1.1,1.3,10.03,22.28,22.48,0,0,999,999,999,999,999,999,999,
2024,12-Jul-24,JM JG,Deadman,3,15,riffle,21.64,9.81,us,right,19.98,20.18,12.2,12.4,6.83,12.2,12.4,0,0,999,999,999,999,999,999,999,"Add .2m to distance measurments, same riffle as transect 14"
2024,12-Jul-24,JM JG,Deadman,3,15,riffle,21.64,9.81,us,right,19.98,20.18,12.2,12.4,6.83,13,13.2,0.12,0.78,0,40,60,0,0,0,0,
2024,12-Jul-24,JM JG,Deadman,3,15,riffle,21.64,9.81,us,right,19.98,20.18,12.2,12.4,6.83,14,14.2,0.04,0.53,0,40,60,0,0,0,0,
2024,12-Jul-24,JM JG,Deadman,3,15,riffle,21.64,9.81,us,right,19.98,20.18,12.2,12.4,6.83,15,15.2,0.12,0.33,0,40,60,0,0,0,0,
2024,12-Jul-24,JM JG,Deadman,3,15,riffle,21.64,9.81,us,right,19.98,20.18,12.2,12.4,6.83,16,16.2,0.19,0.37,0,40,60,0,0,0,0,
2024,12-Jul-24,JM JG,Deadman,3,15,riffle,21.64,9.81,us,right,19.98,20.18,12.2,12.4,6.83,17,17.2,0.37,1.18,0,30,70,0,0,0,0,
2024,12-Jul-24,JM JG,Deadman,3,15,riffle,21.64,9.81,us,right,19.98,20.18,12.2,12.4,6.83,18,18.2,0.44,1.03,0,30,70,0,0,0,0,
2024,12-Jul-24,JM JG,Deadman,3,15,riffle,21.64,9.81,us,right,19.98,20.18,12.2,12.4,6.83,19,19.2,0.32,0.31,0,30,70,0,0,0,0,
2024,12-Jul-24,JM JG,Deadman,3,15,riffle,21.64,9.81,us,right,19.98,20.18,12.2,12.4,6.83,19.03,19.23,0,0,999,999,999,999,999,999,999,
,,,,,,,,,,,,,,,,,,,,,,,,,,,
,,,,,,,,,,,,,,,,,,,,,,,,,,,
,,,,,,,,,,,,,,,,,,,,,,,,,,,
,,,,,,,,,,,,,,,,,,,,,,,,,,,
,,,,,,,,,,,,,,,,,,,,,,,,,,,
,,,,,,,,,,,,,,,,,,,,,,,,,,,
,,,,,,,,,,,,,,,,,,,,,,,,,,,
,,,,,,,,,,,,,,,,,,,,,,,,,,,
,,,,,,,,,,,,,,,,,,,,,,,,,,,
,,,,,,,,,,,,,,,,,,,,,,,,,,,
,,,,,,,,,,,,,,,,,,,,,,,,,,,
,,,,,,,,,,,,,,,,,,,,,,,,,,,
,,,,,,,,,,,,,,,,,,,,,,,,,,,
,,,,,,,,,,,,,,,,,,,,,,,,,,,
,,,,,,,,,,,,,,,,,,,,,,,,,,,
,,,,,,,,,,,,,,,,,,,,,,,,,,,
,,,,,,,,,,,,,,,,,,,,,,,,,,,
,,,,,,,,,,,,,,,,,,,,,,,,,,,
,,,,,,,,,,,,,,,,,,,,,,,,,,,
,,,,,,,,,,,,,,,,,,,,,,,,,,,
,,,,,,,,,,,,,,,,,,,,,,,,,,,
,,,,,,,,,,,,,,,,,,,,,,,,,,,
,,,,,,,,,,,,,,,,,,,,,,,,,,,
,,,,,,,,,,,,,,,,,,,,,,,,,,,
,,,,,,,,,,,,,,,,,,,,,,,,,,,
,,,,,,,,,,,,,,,,,,,,,,,,,,,
,,,,,,,,,,,,,,,,,,,,,,,,,,,
,,,,,,,,,,,,,,,,,,,,,,,,,,,
,,,,,,,,,,,,,,,,,,,,,,,,,,,
,,,,,,,,,,,,,,,,,,,,,,,,,,,
,,,,,,,,,,,,,,,,,,,,,,,,,,,
,,,,,,,,,,,,,,,,,,,,,,,,,,,
,,,,,,,,,,,,,,,,,,,,,,,,,,,
,,,,,,,,,,,,,,,,,,,,,,,,,,,
,,,,,,,,,,,,,,,,,,,,,,,,,,,
,,,,,,,,,,,,,,,,,,,,,,,,,,,
,,,,,,,,,,,,,,,,,,,,,,,,,,,
,,,,,,,,,,,,,,,,,,,,,,,,,,,
,,,,,,,,,,,,,,,,,,,,,,,,,,,
,,,,,,,,,,,,,,,,,,,,,,,,,,,
,,,,,,,,,,,,,,,,,,,,,,,,,,,
,,,,,,,,,,,,,,,,,,,,,,,,,,,
,,,,,,,,,,,,,,,,,,,,,,,,,,,
,,,,,,,,,,,,,,,,,,,,,,,,,,,
,,,,,,,,,,,,,,,,,,,,,,,,,,,
,,,,,,,,,,,,,,,,,,,,,,,,,,,
,,,,,,,,,,,,,,,,,,,,,,,,,,,
,,,,,,,,,,,,,,,,,,,,,,,,,,,
,,,,,,,,,,,,,,,,,,,,,,,,,,,
,,,,,,,,,,,,,,,,,,,,,,,,,,,
,,,,,,,,,,,,,,,,,,,,,,,,,,,
,,,,,,,,,,,,,,,,,,,,,,,,,,,
,,,,,,,,,,,,,,,,,,,,,,,,,,,
,,,,,,,,,,,,,,,,,,,,,,,,,,,
,,,,,,,,,,,,,,,,,,,,,,,,,,,
,,,,,,,,,,,,,,,,,,,,,,,,,,,
,,,,,,,,,,,,,,,,,,,,,,,,,,,
,,,,,,,,,,,,,,,,,,,,,,,,,,,
,,,,,,,,,,,,,,,,,,,,,,,,,,,
,,,,,,,,,,,,,,,,,,,,,,,,,,,
,,,,,,,,,,,,,,,,,,,,,,,,,,,
,,,,,,,,,,,,,,,,,,,,,,,,,,,
,,,,,,,,,,,,,,,,,,,,,,,,,,,
,,,,,,,,,,,,,,,,,,,,,,,,,,,
,,,,,,,,,,,,,,,,,,,,,,,,,,,
,,,,,,,,,,,,,,,,,,,,,,,,,,,
,,,,,,,,,,,,,,,,,,,,,,,,,,,
,,,,,,,,,,,,,,,,,,,,,,,,,,,
,,,,,,,,,,,,,,,,,,,,,,,,,,,
,,,,,,,,,,,,,,,,,,,,,,,,,,,
,,,,,,,,,,,,,,,,,,,,,,,,,,,
,,,,,,,,,,,,,,,,,,,,,,,,,,,
,,,,,,,,,,,,,,,,,,,,,,,,,,,
,,,,,,,,,,,,,,,,,,,,,,,,,,,
,,,,,,,,,,,,,,,,,,,,,,,,,,,
,,,,,,,,,,,,,,,,,,,,,,,,,,,
,,,,,,,,,,,,,,,,,,,,,,,,,,,
,,,,,,,,,,,,,,,,,,,,,,,,,,,
,,,,,,,,,,,,,,,,,,,,,,,,,,,
,,,,,,,,,,,,,,,,,,,,,,,,,,,
,,,,,,,,,,,,,,,,,,,,,,,,,,,
